강남구,개포동,YH빌리지,-,16세대,총 1동,33.02㎡ ~ 36.32㎡,11,,
강남구,개포동,개포래미안포레스트,18억~46억,2296세대,총 31동,74.31㎡ ~ 174.19㎡,2,,
강남구,개포동,개포비버리하임(도시형),-,29세대,총 2동,28.54㎡ ~ 66.23㎡,5,,
강남구,개포동,개포상지리츠빌,40억,18세대,총 1동,178.74㎡ ~ 240.58㎡,4,,
강남구,개포동,개포자이,28억~35억,212세대,총 4동,160.71㎡ ~ 204.52㎡,1,,
강남구,개포동,개포자이르네,-,28세대,총 1동,71.89㎡ ~ 158.9㎡,5,,
강남구,개포동,개포주공5단지,23억 8000~28억 5000,940세대,총 6동,75.33㎡ ~ 116.04㎡,3,,
강남구,개포동,개포주공6단지,23억~29억,1060세대,총 9동,68.43㎡ ~ 107.31㎡,2,,
강남구,개포동,개포주공7단지,23억~29억,900세대,총 8동,73.43㎡ ~ 114.72㎡,2,,
강남구,개포동,개포프레지던스자이,22억 5000~33억,3375세대,총 35동,59.86㎡ ~ 243.78㎡,정보 없음,,
강남구,개포동,개포현대(200동),-,72세대,총 1동,101.55㎡,1,,
강남구,개포동,개포현대2차(220동),-,54세대,총 1동,98.54㎡,1,,
강남구,개포동,개포현대5차,-,18세대,총 1동,148.38㎡,4,,
강남구,개포동,개포현대6차,-,19세대,총 1동,116.85㎡ ~ 154.77㎡,10,,
강남구,개포동,경남,29억~42억,678세대,총 9동,97.92㎡ ~ 198.33㎡,4,,
강남구,개포동,그루(주상복합),-,20세대,총 1동,16.12㎡ ~ 39.97㎡,13,,
강남구,개포동,뉴현대파크빌,-,10세대,총 1동,79.61㎡ ~ 96.08㎡,3,,
강남구,개포동,대청,15억 5000~20억,822세대,총 6동,56.5㎡ ~ 81.67㎡,2,,
강남구,개포동,대치2단지,11억 7000~17억,1758세대,총 11동,46.73㎡ ~ 67.75㎡,6,,
강남구,개포동,더샵그린,-,19세대,총 1동,214.21㎡ ~ 258.84㎡,5,,
강남구,개포동,더샵트리에,30억~38억,232세대,총 2동,132.23㎡ ~ 135.57㎡,2,,
강남구,개포동,디에이치아너힐즈,19억~53억,1320세대,총 23동,67.54㎡ ~ 202.81㎡,13,,
강남구,개포동,디에이치퍼스티어아이파크,21억~70억,6702세대,총 74동,50.73㎡ ~ 230.69㎡,정보 없음,,
강남구,개포동,래미안블레스티지,18억~50억,1957세대,총 23동,67.77㎡ ~ 249.51㎡,11,,
강남구,개포동,런던빌개포,-,15세대,총 1동,28.6㎡ ~ 40.61㎡,9,,
강남구,개포동,렉스힐(주상복합),-,8세대,총 1동,55.19㎡,9,,
강남구,개포동,리더스,-,10세대,총 1동,92.57㎡ ~ 94.36㎡,5,,
강남구,개포동,새롬,-,41세대,총 3동,48.87㎡ ~ 82.85㎡,5,,
강남구,개포동,쌍용개포(주상복합),-,16세대,총 1동,162.94㎡,1,,
강남구,개포동,에버그린(주상복합),-,9세대,총 1동,74.08㎡ ~ 106.04㎡,6,,
강남구,개포동,우성3차,28억 5000~41억,405세대,총 5동,110.6㎡ ~ 182.45㎡,4,,
강남구,개포동,우성6차,21억~26억 5000,270세대,총 8동,61.32㎡ ~ 86.52㎡,3,,
강남구,개포동,우성8차,24억~26억,261세대,총 3동,98.87㎡ ~ 109.35㎡,7,,
강남구,개포동,우찬현대(101),-,15세대,총 1동,65.21㎡ ~ 156.31㎡,6,,
강남구,개포동,우찬현대(102),-,10세대,총 1동,71.89㎡ ~ 152.26㎡,6,,
강남구,개포동,우찬현대(103),-,10세대,총 1동,71.89㎡ ~ 152.26㎡,6,,
강남구,개포동,포이벨리,-,10세대,총 1동,98.3㎡,4,,
강남구,개포동,한림,-,12세대,총 1동,82.57㎡,4,,
강남구,개포동,현대1차,28억~38억,416세대,총 6동,102.73㎡ ~ 193.8㎡,6,,
강남구,개포동,현대2차,28억~41억,558세대,총 13동,105.78㎡ ~ 195.17㎡,1,,
강남구,개포동,현대3차,30억~42억,198세대,총 5동,105.86㎡ ~ 198.26㎡,6,,
강남구,개포동,현대빌라트,-,14세대,총 1동,174.05㎡ ~ 194.46㎡,3,,
강남구,논현동,N168(도시형),-,132세대,총 1동,26.32㎡ ~ 43.09㎡,10,,
강남구,논현동,강남파라곤(주상복합),17억 5000~22억,58세대,총 1동,100.88㎡ ~ 203.87㎡,8,,
강남구,논현동,거평프리젠,4억 5000~9억 8000,113세대,총 1동,41.83㎡ ~ 82.93㎡,4,,
강남구,논현동,경남논현,13억 5000~15억,60세대,총 1동,79.97㎡ ~ 153.41㎡,2,,
강남구,논현동,골든캐슬,-,7세대,총 1동,131.35㎡ ~ 154.9㎡,10,,
강남구,논현동,그랑디오스,26억,15세대,총 1동,100.59㎡ ~ 163.69㎡,5,,
강남구,논현동,기린힐스(도시형),-,249세대,총 1동,26.2㎡ ~ 33.34㎡,11,,
강남구,논현동,꿈꾸지오(도시형),-,28세대,총 2동,26.28㎡ ~ 38.37㎡,3,,
강남구,논현동,논현e-편한세상,14억 8000~23억,63세대,총 1동,109.11㎡ ~ 166.4㎡,5,,
강남구,논현동,논현대우멤버스카운티,-,19세대,총 1동,150.45㎡ ~ 153.85㎡,13,,
강남구,논현동,논현더라움,-,16세대,총 1동,31.77㎡ ~ 34.34㎡,7,,
강남구,논현동,논현동부센트레빌,19억~27억,160세대,총 4동,106.82㎡ ~ 136.29㎡,3,,
강남구,논현동,논현동양파라곤,41억~45억,203세대,총 4동,173.4㎡ ~ 301.42㎡,5,,
강남구,논현동,논현두산위브1단지,20억,130세대,총 2동,107.71㎡ ~ 140.87㎡,3,,
강남구,논현동,논현두산위브2단지,20억,136세대,총 2동,87.65㎡ ~ 135.37㎡,3,,
강남구,논현동,논현라폴리움,48억~55억,18세대,총 1동,491.26㎡ ~ 540.18㎡,4,,
강남구,논현동,논현멤버스카운티,-,11세대,총 1동,120.27㎡ ~ 124.88㎡,13,,
강남구,논현동,논현베르빌,-,65세대,총 1동,130.84㎡ ~ 227.23㎡,11,,
강남구,논현동,논현브라운스톤로얄스위트,-,19세대,총 1동,249.11㎡ ~ 266.39㎡,11,,
강남구,논현동,논현빌라트,-,10세대,총 1동,54.22㎡ ~ 77.98㎡,8,,
강남구,논현동,논현신동아파밀리에,9억 4000~23억,644세대,총 6동,52.92㎡ ~ 140.5㎡,14,,
강남구,논현동,논현아이파크(주상복합),15억~24억,99세대,총 1동,69㎡ ~ 123.76㎡,5,,
강남구,논현동,논현아테나니케,18억,12세대,총 1동,127.92㎡ ~ 128.73㎡,13,,
강남구,논현동,논현아트빌,9억 2000~10억 5000,11세대,총 1동,80.87㎡ ~ 126.42㎡,12,,
강남구,논현동,논현아펠바움1차,-,38세대,총 4동,277.91㎡ ~ 311.2㎡,7,,
강남구,논현동,논현아펠바움2차,45억~50억,38세대,총 3동,281.22㎡ ~ 317.73㎡,6,,
강남구,논현동,논현월드메르디앙,-,82세대,총 1동,94.26㎡ ~ 144.5㎡,10,,
강남구,논현동,논현웰스톤(주상복합),14억 5000~15억,38세대,총 1동,93.53㎡ ~ 126.87㎡,12,,
강남구,논현동,논현인텔리전트하우스,-,19세대,총 1동,26.87㎡ ~ 130.2㎡,11,,
강남구,논현동,논현테크노빌,-,10세대,총 2동,117.86㎡ ~ 203.67㎡,3,,
강남구,논현동,논현파크빌(도시형),1억 7500,27세대,총 1동,21.43㎡ ~ 27.93㎡,7,,
강남구,논현동,논현팰리스(민간임대,도시형),-,39세대,총 2동,28.5㎡ ~ 48.85㎡,4,
강남구,논현동,논현펜트힐캐스케이드(도시형),-,130세대,총 1동,63.54㎡ ~ 71.08㎡,15,,
강남구,논현동,논현프라임(192-3),19억 8000,19세대,총 1동,144.68㎡ ~ 150.14㎡,9,,
강남구,논현동,논현한가람,25억,32세대,총 1동,102.67㎡ ~ 169.38㎡,11,,
강남구,논현동,논현한진로즈힐,17억 1000~20억,81세대,총 2동,92.44㎡ ~ 132.97㎡,13,,
강남구,논현동,논현한화꿈에그린,13억 5000~15억,70세대,총 2동,89.17㎡,7,,
강남구,논현동,논현한화꿈에그린2차,14억~23억,46세대,총 1동,104.67㎡ ~ 147.31㎡,7,,
강남구,논현동,논현힐스빌5차,-,7세대,총 1동,248.68㎡,정보 없음,,
강남구,논현동,논현힐스빌6차,34억,4세대,총 1동,228.44㎡ ~ 231.14㎡,12,,
강남구,논현동,더그레이스,-,9세대,총 1동,106.35㎡ ~ 112.89㎡,10,,
강남구,논현동,더원센트럴(주상복합),5억 2000,29세대,총 1동,34.3㎡ ~ 66.05㎡,10,,
강남구,논현동,더케이(도시형),-,16세대,총 1동,20.49㎡ ~ 36.77㎡,12,,
강남구,논현동,더클래식논현(도시형),-,14세대,총 2동,33.26㎡ ~ 100.23㎡,12,,
강남구,논현동,동광팰리스(도시형),4억 7000~5억,38세대,총 2동,29.26㎡ ~ 45.5㎡,11,,
강남구,논현동,동현,24억 5000~30억,548세대,총 6동,102.47㎡ ~ 175.38㎡,13,,
강남구,논현동,동화(민간임대,도시형),-,236세대,총 1동,32.23㎡ ~ 72.28㎡,6,
강남구,논현동,두영,11억,17세대,총 1동,94.52㎡ ~ 97.81㎡,12,,
강남구,논현동,라디안,-,10세대,총 1동,77.7㎡ ~ 129.86㎡,15,,
강남구,논현동,라이헤스빌,-,13세대,총 1동,74.6㎡ ~ 118.81㎡,13,,
강남구,논현동,로체샤르캐슬,14억 5000,17세대,총 1동,99.4㎡ ~ 125.69㎡,11,,
강남구,논현동,루시아도산208(도시형),-,55세대,총 1동,57.63㎡ ~ 60.66㎡,10,,
강남구,논현동,리더스빌,-,19세대,총 1동,81.25㎡ ~ 206.56㎡,8,,
강남구,논현동,리츠하우스,73억,12세대,총 1동,300.31㎡ ~ 300.41㎡,12,,
강남구,논현동,마블하우스,-,12세대,총 1동,153.02㎡ ~ 183.84㎡,4,,
강남구,논현동,마일스디오빌(주상복합),3억 8000~4억 5000,260세대,총 1동,47.19㎡,11,,
강남구,논현동,벨러스빌,-,10세대,총 1동,95.83㎡ ~ 178.31㎡,11,,
강남구,논현동,보노체아(도시형),-,22세대,총 1동,17.86㎡ ~ 27.8㎡,7,,
강남구,논현동,비쥬힐,11억 2000,10세대,총 1동,87.53㎡ ~ 141.26㎡,13,,
강남구,논현동,삼성빌라트,-,19세대,총 1동,121.01㎡ ~ 172.68㎡,19,,
강남구,논현동,세호시티라이프(주상복합),-,19세대,총 1동,55.96㎡ ~ 79.85㎡,4,,
강남구,논현동,스위트캐슬,-,16세대,총 2동,270.21㎡ ~ 270.62㎡,16,,
강남구,논현동,스위트케슬레지던스,25억,17세대,총 1동,122.16㎡ ~ 241.39㎡,11,,
강남구,논현동,신동아,-,12세대,총 2동,226.56㎡ ~ 262.29㎡,9,,
강남구,논현동,쌍용,12억 5000~16억,111세대,총 1동,83.17㎡ ~ 117.82㎡,11,,
강남구,논현동,아나하(도시형),22억 5000~24억,16세대,총 1동,36.48㎡ ~ 116.57㎡,7,,
강남구,논현동,아츠논현(도시형),14억 9970~25억 3880,24세대,총 1동,49.6㎡ ~ 66.3㎡,6,,
강남구,논현동,아크로힐스논현,24억 4000~33억,368세대,총 4동,109.73㎡ ~ 148.25㎡,4,,
강남구,논현동,알파임하우스Ⅱ,60억,16세대,총 2동,257.91㎡,11,,
강남구,논현동,애플타운(주상복합),-,19세대,총 1동,36.76㎡ ~ 247.91㎡,16,,
강남구,논현동,예원베스트빌,-,8세대,총 1동,109.38㎡ ~ 126.08㎡,8,,
강남구,논현동,요진보네르,-,9세대,총 1동,102.11㎡ ~ 186.88㎡,12,,
강남구,논현동,우림빌(도시형),-,19세대,총 1동,16.36㎡ ~ 26.71㎡,4,,
강남구,논현동,우림스타빌(도시형),-,19세대,총 1동,26.3㎡ ~ 52.75㎡,2,,
강남구,논현동,우민,12억 5000~14억,70세대,총 1동,99.54㎡ ~ 105.8㎡,11,,
강남구,논현동,우성,12억,14세대,총 1동,81.56㎡ ~ 122.78㎡,3,,
강남구,논현동,월드노블레스빌,24억,12세대,총 1동,142.17㎡ ~ 195.72㎡,12,,
강남구,논현동,월드쉐르빌,-,15세대,총 1동,49.8㎡ ~ 99.48㎡,3,,
강남구,논현동,은탑리더스카운티,-,18세대,총 1동,77㎡ ~ 182.69㎡,10,,
강남구,논현동,이산,7억 5000~7억 8000,10세대,총 1동,55.18㎡ ~ 76.95㎡,8,,
강남구,논현동,이움,20억,10세대,총 1동,111.35㎡ ~ 142.98㎡,9,,
강남구,논현동,제이빌,9억 5000~10억,32세대,총 1동,43.08㎡ ~ 113.06㎡,12,,
강남구,논현동,지고하임,14억,33세대,총 2동,71.86㎡ ~ 91.74㎡,11,,
강남구,논현동,청학,18억 5000~26억,70세대,총 3동,87.15㎡ ~ 99.65㎡,16,,
강남구,논현동,케럿스테이트,-,16세대,총 1동,103.64㎡ ~ 193.94㎡,4,,
강남구,논현동,케이씨빌,16억,12세대,총 1동,111.5㎡ ~ 123.51㎡,10,,
강남구,논현동,테크노빌라트,-,18세대,총 1동,57.57㎡ ~ 114.3㎡,1,,
강남구,논현동,토미빌(228-9),18억 5000~25억,24세대,총 3동,155.16㎡ ~ 161.26㎡,10,,
강남구,논현동,펜트힐루논현(도시형),10억 5000~17억,131세대,총 1동,61.41㎡ ~ 63.06㎡,정보 없음,,
강남구,논현동,프라임(196-4),-,19세대,총 1동,135.45㎡ ~ 270.9㎡,5,,
강남구,논현동,프라임(80-13),-,28세대,총 1동,93.51㎡ ~ 124.68㎡,20,,
강남구,논현동,학동참진,15억,18세대,총 1동,86.75㎡ ~ 125.41㎡,10,,
강남구,논현동,한양빌라트,18억,19세대,총 1동,115.34㎡ ~ 179.68㎡,20,,
강남구,논현동,한양수자인어반게이트(도시형),2억 1200~2억 5500,108세대,총 1동,23.42㎡ ~ 29.92㎡,9,,
강남구,논현동,현대넥서스(261-7),-,18세대,총 1동,128.29㎡ ~ 254.09㎡,5,,
강남구,논현동,현대넥서스(261-8),-,16세대,총 1동,161.35㎡ ~ 264.58㎡,4,,
강남구,논현동,현대인텔렉스(주상복합),23억~90억,42세대,총 1동,168.76㎡ ~ 254.22㎡,6,,
강남구,논현동,휴먼스페이스(주상복합),-,18세대,총 1동,48.95㎡ ~ 49.49㎡,11,,
강남구,논현동,힐스빌7차,-,9세대,총 1동,138.67㎡ ~ 171.75㎡,12,,
강남구,논현동,힐타워,-,16세대,총 1동,93.47㎡ ~ 187.15㎡,10,,
강남구,논현동,힐튼빌(도시형),-,14세대,총 1동,35.03㎡ ~ 104.27㎡,2,,
강남구,대치동,S-타워(주상복합),-,19세대,총 1동,246.25㎡,1,,
강남구,대치동,개포우성1차,32억~51억,690세대,총 9동,102.48㎡ ~ 214.88㎡,1,,
강남구,대치동,개포우성2차,31억~50억,450세대,총 5동,101.09㎡ ~ 180.54㎡,6,,
강남구,대치동,노빌리티빌리지,-,14세대,총 1동,125.06㎡ ~ 196.98㎡,15,,
강남구,대치동,대치SK뷰,33억~35억,239세대,총 4동,80.38㎡ ~ 166.84㎡,10,,
강남구,대치동,대치대우아이빌멤버스4차(주상복합),3억 8000~5억 4000,134세대,총 1동,31.9㎡ ~ 68.74㎡,9,,
강남구,대치동,대치대우아이빌명문가(주상복합),3억 1000~3억 4500,210세대,총 1동,41.88㎡ ~ 66.93㎡,10,,
강남구,대치동,대치더블유타워(도시형),-,149세대,총 1동,33.22㎡ ~ 52.72㎡,4,,
강남구,대치동,대치롯데캐슬리베,37억~40억,144세대,총 2동,146.32㎡,5,,
강남구,대치동,대치삼성1차,20억~33억,960세대,총 14동,85.68㎡ ~ 139.27㎡,11,,
강남구,대치동,대치삼성2차,-,19세대,총 1동,188.75㎡,16,,
강남구,대치동,대치삼성3차,30억~35억,35세대,총 2동,99.97㎡ ~ 240.86㎡,14,,
강남구,대치동,대치상지리츠빌카일룸,-,15세대,총 1동,225.33㎡ ~ 268.23㎡,9,,
강남구,대치동,대치쌍용1차,28억~35억,630세대,총 5동,102.36㎡ ~ 173.48㎡,14,,
강남구,대치동,대치쌍용2차,26억 5000~37억,364세대,총 4동,102.47㎡ ~ 141.71㎡,13,,
강남구,대치동,대치아이파크,22억~50억,768세대,총 11동,78.71㎡ ~ 179.41㎡,2,,
강남구,대치동,대치우성1차,26억 7000~33억,476세대,총 6동,102.01㎡ ~ 133.98㎡,9,,
강남구,대치동,대치우정에쉐르1(주상복합),9억 9000~12억,80세대,총 1동,67.95㎡ ~ 91.28㎡,9,,
강남구,대치동,대치우정에쉐르2(주상복합),12억 8000~13억,18세대,총 1동,72.18㎡ ~ 82.58㎡,9,,
강남구,대치동,대치주성,25억,14세대,총 1동,73.97㎡ ~ 136.31㎡,7,,
강남구,대치동,대치타워,9억 5000~11억 5000,10세대,총 1동,77.28㎡ ~ 105㎡,6,,
강남구,대치동,대치푸르지오써밋,-,489세대,총 9동,70.24㎡ ~ 198.93㎡,4,,
강남구,대치동,대치풍림아이원1차,21억,57세대,총 3동,91.49㎡ ~ 167.94㎡,5,,
강남구,대치동,대치풍림아이원2차,25억,33세대,총 2동,106.37㎡ ~ 170.3㎡,4,,
강남구,대치동,대치풍림아이원3차,25억~25억 5000,42세대,총 1동,134.72㎡ ~ 139.43㎡,6,,
강남구,대치동,대치풍림아이원4차,24억~25억,33세대,총 1동,134.54㎡ ~ 139.23㎡,7,,
강남구,대치동,대치하나빌,28억,12세대,총 1동,163.48㎡ ~ 225.69㎡,14,,
강남구,대치동,대치한신휴플러스,19억 5000,66세대,총 1동,85.9㎡ ~ 105.97㎡,6,,
강남구,대치동,대치현대,18억 5000~29억,630세대,총 8동,88.68㎡ ~ 143.66㎡,7,,
강남구,대치동,대치효성,22억,83세대,총 1동,78.99㎡ ~ 112.12㎡,10,,
강남구,대치동,더힐하우스(도시형),-,44세대,총 4동,36.26㎡ ~ 70.89㎡,2,,
강남구,대치동,도성,-,10세대,총 1동,91.79㎡ ~ 131.56㎡,6,,
강남구,대치동,동민맥스빌(A동,주상복합),-,30세대,총 1동,107.48㎡ ~ 109.26㎡,2,
강남구,대치동,동민맥스빌(B동),-,18세대,총 1동,75.44㎡ ~ 156.79㎡,3,,
강남구,대치동,동부센트레빌,50억 5000~54억,805세대,총 7동,152.54㎡ ~ 202.99㎡,2,,
강남구,대치동,동양,-,19세대,총 1동,110.57㎡ ~ 186.81㎡,2,,
강남구,대치동,래미안대치팰리스1단지,34억~51억,1278세대,총 13동,88㎡ ~ 150.66㎡,7,,
강남구,대치동,래미안대치팰리스2단지,33억 5000~58억,330세대,총 4동,118.76㎡ ~ 183.59㎡,8,,
강남구,대치동,래미안대치하이스턴,30억,354세대,총 5동,142.54㎡ ~ 142.62㎡,4,,
강남구,대치동,로프트아파트먼트대치(도시형),11억 5000,16세대,총 1동,43.29㎡ ~ 56.53㎡,6,,
강남구,대치동,롯데캐슬,-,142세대,총 3동,110.72㎡ ~ 176.16㎡,11,,
강남구,대치동,르엘대치,23억~23억 5000,273세대,총 6동,75.59㎡ ~ 158.56㎡,정보 없음,,
강남구,대치동,메트로,-,11세대,총 1동,81.71㎡ ~ 113.12㎡,7,,
강남구,대치동,미소시티,-,18세대,총 1동,164.77㎡ ~ 200.9㎡,7,,
강남구,대치동,삼환SOGOOD(주상복합),22억,37세대,총 1동,107.38㎡ ~ 133.52㎡,4,,
강남구,대치동,선경1,2차,30억~50억,1034세대,총 12동,101.66㎡ ~ 186.36㎡,1,
강남구,대치동,선경3차,-,54세대,총 1동,85.48㎡,7,,
강남구,대치동,선릉역대우아이빌5차(주상복합),1억 8000~2억 8000,150세대,총 1동,27.45㎡ ~ 58.95㎡,10,,
강남구,대치동,선릉역풍림아이원레몬(주상복합),17억,44세대,총 1동,84.27㎡ ~ 92.62㎡,9,,
강남구,대치동,세연파크뷰,-,19세대,총 1동,75.46㎡ ~ 94.53㎡,6,,
강남구,대치동,세영팔래스,-,67세대,총 1동,73.77㎡ ~ 103.37㎡,6,,
강남구,대치동,스톤빌리지대치2차(도시형),-,25세대,총 2동,38.99㎡ ~ 69.77㎡,2,,
강남구,대치동,스톤빌리지대치3차(도시형),-,22세대,총 2동,35.47㎡ ~ 62.45㎡,3,,
강남구,대치동,스톤빌리지대치4차(도시형),-,20세대,총 2동,39.1㎡ ~ 71.47㎡,1,,
강남구,대치동,아름빌,3억~11억 5000,43세대,총 1동,45.97㎡ ~ 105.58㎡,9,,
강남구,대치동,아크로빌,18억,14세대,총 2동,61.53㎡ ~ 112.33㎡,17,,
강남구,대치동,우정에쉐르3,-,19세대,총 1동,103.62㎡ ~ 154.02㎡,9,,
강남구,대치동,월드빌,-,11세대,총 1동,59㎡ ~ 122.32㎡,9,,
강남구,대치동,은마,24억~28억 5000,4424세대,총 28동,101.52㎡ ~ 115.54㎡,3,,
강남구,대치동,청암빌라트,-,18세대,총 1동,144.05㎡ ~ 179.57㎡,8,,
강남구,대치동,청원,-,19세대,총 1동,58.32㎡ ~ 130.41㎡,1,,
강남구,대치동,테헤란로대우아이빌(주상복합),3억 4000~9억,371세대,총 1동,38.72㎡ ~ 89.17㎡,12,,
강남구,대치동,포스코더샵,33억~40억,276세대,총 4동,168.38㎡ ~ 208.98㎡,9,,
강남구,대치동,하이캐슬,22억~23억,67세대,총 2동,104.13㎡ ~ 191.61㎡,7,,
강남구,대치동,한보미도맨션1,2차,30억~49억,2436세대,총 21동,113.31㎡ ~ 220.92㎡,2,
강남구,대치동,한보미도맨션3차,39억 5000,18세대,총 1동,220.11㎡,9,,
강남구,대치동,한양팰리스,-,14세대,총 1동,111.2㎡ ~ 120.97㎡,7,,
강남구,대치동,한티,-,22세대,총 2동,78.6㎡ ~ 127.58㎡,3,,
강남구,대치동,현대,21억,120세대,총 1동,101.03㎡ ~ 101.7㎡,9,,
강남구,대치동,현대썬앤빌테헤란(도시형),5억 6000~7억 1000,49세대,총 1동,54.56㎡ ~ 82.49㎡,10,,
강남구,대치동,화인하이빌,29억,18세대,총 1동,61.24㎡ ~ 147.52㎡,8,,
강남구,도곡동,개포럭키,35억,128세대,총 2동,102.41㎡,18,,
강남구,도곡동,개포우성4차,31억~40억,459세대,총 8동,113.23㎡ ~ 180.25㎡,9,,
강남구,도곡동,개포우성5차,23억,180세대,총 4동,89.79㎡ ~ 98.96㎡,14,,
강남구,도곡동,개포한신,22억 7000~30억,620세대,총 8동,73.65㎡ ~ 103.93㎡,11,,
강남구,도곡동,경남,19억~27억,348세대,총 4동,76.47㎡ ~ 147.12㎡,6,,
강남구,도곡동,그랜빌캐슬,22억,15세대,총 1동,105.32㎡ ~ 166.79㎡,17,,
강남구,도곡동,극동스타클래스(주상복합),20억~30억,96세대,총 1동,141.4㎡ ~ 258.38㎡,3,,
강남구,도곡동,대림,19억 5000~23억,197세대,총 2동,102.39㎡ ~ 104.47㎡,3,,
강남구,도곡동,대림아크로빌(주상복합),28억~34억,490세대,총 2동,56.9㎡ ~ 230.18㎡,12,,
강남구,도곡동,대명비발디,11억 5000~12억 8000,18세대,총 1동,46.53㎡ ~ 102.21㎡,5,,
강남구,도곡동,대우양재디오빌(주상복합),2억 4500~3억 2000,155세대,총 1동,32.11㎡ ~ 43.76㎡,5,,
강남구,도곡동,더힐(도시형),-,11세대,총 1동,26.65㎡ ~ 44.42㎡,23,,
강남구,도곡동,도곡그린빌,9억 5000,19세대,총 1동,63.77㎡ ~ 127.4㎡,1,,
강남구,도곡동,도곡렉슬,22억 5000~59억,3002세대,총 34동,86.43㎡ ~ 225.29㎡,2,,
강남구,도곡동,도곡루아르(도시형),9억 6200~11억,29세대,총 1동,64.32㎡ ~ 66.68㎡,8,,
강남구,도곡동,도곡삼성래미안,21억~41억 5000,732세대,총 10동,81.35㎡ ~ 158.1㎡,8,,
강남구,도곡동,도곡상지카일룸,-,23세대,총 1동,255.19㎡ ~ 275.56㎡,12,,
강남구,도곡동,도곡스타빌,-,15세대,총 1동,59.17㎡ ~ 104.14㎡,22,,
강남구,도곡동,도곡스테이77(도시형),-,77세대,총 1동,31.15㎡ ~ 44.58㎡,정보 없음,,
강남구,도곡동,도곡쌍용예가,22억 5000~26억 5000,384세대,총 5동,83.52㎡ ~ 232.86㎡,1,,
강남구,도곡동,도곡아이파크1차,21억~31억,321세대,총 5동,109.19㎡ ~ 178.59㎡,16,,
강남구,도곡동,도곡아이파크2차,32억~34억,58세대,총 2동,175.89㎡ ~ 232.37㎡,4,,
강남구,도곡동,도곡아이파크3차,30억~31억,72세대,총 3동,179.5㎡ ~ 225.98㎡,5,,
강남구,도곡동,도곡우성,22억 5000~23억,390세대,총 2동,93.94㎡ ~ 101.17㎡,2,,
강남구,도곡동,도곡월드메르디앙,-,29세대,총 2동,118.58㎡ ~ 208.38㎡,12,,
강남구,도곡동,도곡조이너스,18억,26세대,총 1동,78.68㎡ ~ 109.25㎡,2,,
강남구,도곡동,도곡지웰카운티,22억~24억,37세대,총 2동,125.8㎡ ~ 148.53㎡,10,,
강남구,도곡동,도곡푸르지오1차,-,17세대,총 1동,185.04㎡ ~ 208.44㎡,6,,
강남구,도곡동,도곡푸르지오2차(주상복합),-,13세대,총 1동,185.43㎡,7,,
강남구,도곡동,도곡하이빌,-,12세대,총 1동,76.23㎡ ~ 156.39㎡,1,,
강남구,도곡동,도곡한라비발디,23억~38억,110세대,총 1동,111.45㎡ ~ 164.97㎡,3,,
강남구,도곡동,도곡한신,22억~28억,421세대,총 5동,79.5㎡ ~ 135.75㎡,6,,
강남구,도곡동,도곡현대하이페리온,28억~30억,71세대,총 2동,171.91㎡ ~ 218.57㎡,5,,
강남구,도곡동,도곡현대힐스테이트,-,57세대,총 4동,151.4㎡ ~ 224.74㎡,1,,
강남구,도곡동,동연빌(주상복합),-,18세대,총 1동,35.64㎡ ~ 39.34㎡,11,,
강남구,도곡동,라온빌(도시형),-,11세대,총 1동,20.79㎡ ~ 56.27㎡,8,,
강남구,도곡동,래미안도곡카운티,23억~37억,397세대,총 8동,81.57㎡ ~ 132.86㎡,5,,
강남구,도곡동,로덴하우스웨스트빌리지,50억,19세대,총 1동,298.43㎡ ~ 337.65㎡,16,,
강남구,도곡동,로덴하우스이스트빌리지,47억,33세대,총 1동,280.33㎡ ~ 287.45㎡,16,,
강남구,도곡동,롯데캐슬모닝,26억 5000,60세대,총 2동,105.37㎡ ~ 177.25㎡,6,,
강남구,도곡동,리치아르떼빌,-,11세대,총 1동,138.84㎡ ~ 199.26㎡,11,,
강남구,도곡동,매봉,16억 3000~20억 5000,132세대,총 1동,70.84㎡ ~ 100.61㎡,20,,
강남구,도곡동,벨라빌,-,13세대,총 1동,184.94㎡ ~ 265.33㎡,11,,
강남구,도곡동,삼성,17억~23억,231세대,총 4동,81.09㎡ ~ 104.15㎡,16,,
강남구,도곡동,삼익,21억~21억 3000,247세대,총 2동,113.73㎡ ~ 165.21㎡,11,,
강남구,도곡동,삼호,-,144세대,총 2동,137.85㎡,21,,
강남구,도곡동,신성빌리지,-,16세대,총 2동,119.94㎡ ~ 131.9㎡,13,,
강남구,도곡동,아카데미스위트(주상복합),23억~25억 5000,414세대,총 1동,112.2㎡ ~ 332.64㎡,11,,
강남구,도곡동,양재SK허브프리모(주상복합),3억 8000~9억 7000,176세대,총 1동,47.19㎡ ~ 98.16㎡,4,,
강남구,도곡동,역삼럭키,22억 5000~30억,1094세대,총 10동,112㎡ ~ 145.2㎡,8,,
강남구,도곡동,우성리빙텔(주상복합),-,39세대,총 1동,150.71㎡ ~ 169.35㎡,10,,
강남구,도곡동,우성캐릭터199(주상복합),27억~35억,199세대,총 2동,162.08㎡ ~ 201.13㎡,9,,
강남구,도곡동,우성캐릭터빌(주상복합),-,47세대,총 1동,192.17㎡ ~ 219.68㎡,12,,
강남구,도곡동,울트라멤버스,-,19세대,총 1동,95.76㎡ ~ 164.52㎡,16,,
강남구,도곡동,원팰리스,-,19세대,총 1동,57.59㎡ ~ 126.72㎡,4,,
강남구,도곡동,이니그마빌Ⅲ,43억~60억,14세대,총 1동,265.22㎡ ~ 270.31㎡,12,,
강남구,도곡동,중명하니빌,3억 6000~5억 3000,111세대,총 1동,31.88㎡ ~ 64.37㎡,4,,
강남구,도곡동,타워팰리스1차(주상복합),26억 5000~95억,1294세대,총 4동,105.79㎡ ~ 403.76㎡,6,,
강남구,도곡동,타워팰리스2차(주상복합),29억~108억,813세대,총 2동,92.87㎡ ~ 326.18㎡,6,,
강남구,도곡동,타워팰리스3차(주상복합),34억~75억,480세대,총 1동,160.73㎡ ~ 314.94㎡,8,,
강남구,도곡동,파크힐,-,17세대,총 1동,57.4㎡ ~ 216.87㎡,6,,
강남구,도곡동,포레스트빌,-,4세대,총 1동,145.61㎡ ~ 160.22㎡,13,,
강남구,도곡동,포스코트,36억~38억,64세대,총 1동,241.7㎡ ~ 256.17㎡,14,,
강남구,도곡동,플럼힐스,25억,5세대,총 1동,260.67㎡ ~ 334.12㎡,13,,
강남구,도곡동,필로스,-,8세대,총 1동,115.57㎡ ~ 233.97㎡,12,,
강남구,도곡동,현대(도곡현대),20억~22억,211세대,총 3동,102.54㎡,5,,
강남구,도곡동,현대그린,19억~22억,171세대,총 1동,96.61㎡ ~ 96.91㎡,5,,
강남구,도곡동,현대벨라하우스,-,8세대,총 1동,256.24㎡ ~ 272.1㎡,16,,
강남구,도곡동,현대비젼21(주상복합),4억 5000~5억 5000,232세대,총 1동,50.9㎡ ~ 66.57㎡,11,,
강남구,도곡동,현대아이리스,16억,17세대,총 1동,100.52㎡ ~ 157.81㎡,6,,
강남구,도곡동,현대오티움,31억,18세대,총 1동,219.69㎡ ~ 262.63㎡,13,,
강남구,도곡동,힐데스하임,-,19세대,총 1동,288.9㎡ ~ 501.28㎡,14,,
강남구,삼성동,LH삼성(도시형),6억 8000,47세대,총 1동,44.28㎡ ~ 65.73㎡,18,,
강남구,삼성동,SM드림빌,-,16세대,총 1동,58.04㎡ ~ 94.35㎡,2,,
강남구,삼성동,강변삼부,-,48세대,총 1동,100.64㎡ ~ 135.66㎡,17,,
강남구,삼성동,골든카운티,-,19세대,총 1동,96.69㎡ ~ 190.65㎡,6,,
강남구,삼성동,그라나다,12억 7000,19세대,총 1동,52.82㎡ ~ 99.44㎡,3,,
강남구,삼성동,네오블로썸,-,12세대,총 1동,115.01㎡,1,,
강남구,삼성동,노블테라스,-,10세대,총 1동,137.92㎡ ~ 228.01㎡,5,,
강남구,삼성동,다우림하우스,-,10세대,총 1동,89.66㎡ ~ 147.08㎡,9,,
강남구,삼성동,동구싼타빌,-,19세대,총 1동,76.29㎡ ~ 136.63㎡,16,,
강남구,삼성동,동일파크스위트,42억,36세대,총 1동,170.87㎡ ~ 202.22㎡,17,,
강남구,삼성동,래미안라클래시,24억 5000~37억,679세대,총 7동,84.46㎡ ~ 227.3㎡,8,,
강남구,삼성동,래미안삼성1차(101동),-,77세대,총 1동,91.51㎡ ~ 233.66㎡,14,,
강남구,삼성동,래미안삼성1차(201동),-,36세대,총 1동,99.64㎡ ~ 151.81㎡,14,,
강남구,삼성동,래미안삼성1차(301,302,303동),28억~38억 5000,133세대,총 3동,102.54㎡ ~ 169.89㎡,13
강남구,삼성동,래미안삼성1차(501~504동),25억~35억,112세대,총 4동,109.65㎡ ~ 205.27㎡,14,,
강남구,삼성동,래미안삼성2차,27억~43억,275세대,총 8동,115.07㎡ ~ 226.39㎡,6,,
강남구,삼성동,로프트원,-,19세대,총 1동,68.01㎡ ~ 137.41㎡,4,,
강남구,삼성동,롯데캐슬프레미어,26억~48억,713세대,총 11동,106.93㎡ ~ 239.42㎡,6,,
강남구,삼성동,미켈란147(주상복합),16억 5000~17억,67세대,총 1동,101.54㎡ ~ 239.48㎡,12,,
강남구,삼성동,브라운스톤레전드(주상복합),45억~48억,54세대,총 1동,199.47㎡ ~ 343.15㎡,10,,
강남구,삼성동,삼부(101동),26억,43세대,총 1동,81.68㎡ ~ 141.16㎡,16,,
강남구,삼성동,삼부(102동),-,40세대,총 1동,74.96㎡ ~ 125.73㎡,15,,
강남구,삼성동,삼부아그레빌,19억 5000,67세대,총 1동,90.63㎡ ~ 125.95㎡,12,,
강남구,삼성동,삼성SK뷰,-,41세대,총 1동,99.01㎡ ~ 158.17㎡,17,,
강남구,삼성동,삼성골든빌,-,18세대,총 1동,237.33㎡ ~ 285.76㎡,16,,
강남구,삼성동,삼성그랑빌,-,14세대,총 1동,96.86㎡ ~ 113.75㎡,13,,
강남구,삼성동,삼성금호어울림,-,68세대,총 1동,77㎡ ~ 143.11㎡,16,,
강남구,삼성동,삼성대성유니드,18억~19억,59세대,총 1동,97.5㎡ ~ 105.01㎡,12,,
강남구,삼성동,삼성대우멤버스카운티1차,-,38세대,총 2동,116.89㎡ ~ 180.27㎡,14,,
강남구,삼성동,삼성대우멤버스카운티2차,-,17세대,총 1동,140.68㎡ ~ 195.45㎡,4,,
강남구,삼성동,삼성대우멤버스카운티3차,-,11세대,총 1동,121.35㎡ ~ 172.92㎡,4,,
강남구,삼성동,삼성대우멤버스카운티5차,-,17세대,총 1동,136.06㎡ ~ 143.17㎡,4,,
강남구,삼성동,삼성대유리채(도시형),-,65세대,총 1동,21.73㎡ ~ 61.62㎡,10,,
강남구,삼성동,삼성더파크뷰,-,12세대,총 1동,215.58㎡,8,,
강남구,삼성동,삼성드림하우스,-,18세대,총 1동,93.58㎡ ~ 135.68㎡,4,,
강남구,삼성동,삼성디뷰더센트럴(도시형),7억 500~8억 9300,27세대,총 1동,39.99㎡ ~ 50.07㎡,19,,
강남구,삼성동,삼성라테라스,40억~43억,18세대,총 1동,139.86㎡ ~ 243.27㎡,21,,
강남구,삼성동,삼성롯데,17억 5000~25억 5000,339세대,총 3동,79.36㎡ ~ 122.6㎡,7,,
강남구,삼성동,삼성롯데캐슬킹덤,32억~33억,118세대,총 3동,122.25㎡ ~ 207.63㎡,1,,
강남구,삼성동,삼성루첸시아,-,10세대,총 1동,60.23㎡ ~ 129.09㎡,13,,
강남구,삼성동,삼성리치빌(주상복합),-,48세대,총 1동,100.73㎡,14,,
강남구,삼성동,삼성미켈란107(주상복합),19억 5000~22억,64세대,총 1동,99.79㎡,13,,
강남구,삼성동,삼성벨라스,26억,19세대,총 1동,156.64㎡ ~ 185.99㎡,2,,
강남구,삼성동,삼성벽산블루밍,-,26세대,총 2동,97.47㎡ ~ 174.24㎡,15,,
강남구,삼성동,삼성브르넨(주상복합),23억~29억,22세대,총 1동,41.29㎡ ~ 162.84㎡,9,,
강남구,삼성동,삼성센트럴아이파크,34억~48억,416세대,총 4동,74.23㎡ ~ 220.74㎡,8,,
강남구,삼성동,삼성신도브래뉴(주상복합),19억~32억,21세대,총 1동,102.98㎡ ~ 163.81㎡,10,,
강남구,삼성동,삼성씨엘케이,20억 5000,12세대,총 1동,99.47㎡,4,,
강남구,삼성동,삼성아셈,-,18세대,총 1동,62.9㎡ ~ 125.13㎡,14,,
강남구,삼성동,삼성아트빌,-,10세대,총 1동,109.34㎡ ~ 126.34㎡,9,,
강남구,삼성동,삼성아펠바움,50억~58억,17세대,총 1동,282.73㎡ ~ 313.63㎡,15,,
강남구,삼성동,삼성오네뜨,-,48세대,총 2동,162.61㎡ ~ 178.71㎡,11,,
강남구,삼성동,삼성우림루미아트,26억,40세대,총 1동,117.5㎡ ~ 165.44㎡,17,,
강남구,삼성동,삼성우정에쉐르II(주상복합),12억,60세대,총 1동,66.26㎡ ~ 71.83㎡,15,,
강남구,삼성동,삼성월드타워,-,46세대,총 1동,66.98㎡ ~ 96.55㎡,4,,
강남구,삼성동,삼성웰피아,-,19세대,총 1동,104.91㎡ ~ 120.23㎡,12,,
강남구,삼성동,삼성이안파크,18억,19세대,총 1동,102.03㎡ ~ 130.74㎡,11,,
강남구,삼성동,삼성중앙하이츠빌리지,21억~28억,298세대,총 5동,83.93㎡ ~ 192.66㎡,7,,
강남구,삼성동,삼성지웰팰리스(주상복합),-,16세대,총 1동,103.53㎡ ~ 264.51㎡,5,,
강남구,삼성동,삼성파크,20억,114세대,총 1동,121.5㎡ ~ 162.21㎡,11,,
강남구,삼성동,삼성파크엘나인(주상복합),-,4세대,총 1동,35.76㎡ ~ 107.72㎡,5,,
강남구,삼성동,삼성팰리스(71-16),35억,19세대,총 1동,99.26㎡ ~ 136.65㎡,16,,
강남구,삼성동,삼성펠리스(129-5),-,18세대,총 1동,90.02㎡ ~ 187.6㎡,13,,
강남구,삼성동,삼성포스코더샵(주상복합),32억~36억,72세대,총 1동,176.54㎡ ~ 242.66㎡,11,,
강남구,삼성동,삼성풍림2차,17억,112세대,총 1동,54.6㎡ ~ 126.74㎡,12,,
강남구,삼성동,삼성한일,-,127세대,총 1동,83.55㎡ ~ 108.27㎡,5,,
강남구,삼성동,삼성헤렌하우스2,37억~54억,33세대,총 2동,133.03㎡ ~ 273.46㎡,7,,
강남구,삼성동,삼성현대1차,-,19세대,총 1동,176.36㎡ ~ 230.61㎡,9,,
강남구,삼성동,삼성현대2차,-,11세대,총 1동,128.29㎡ ~ 174.5㎡,8,,
강남구,삼성동,삼성힐스테이트1단지,11억 5000~37억,1144세대,총 17동,41.4㎡ ~ 144.26㎡,7,,
강남구,삼성동,삼성힐스테이트2단지,16억 5000~30억,926세대,총 12동,51.81㎡ ~ 111.25㎡,6,,
강남구,삼성동,상아빌라트,25억,17세대,총 1동,189.41㎡ ~ 290.16㎡,4,,
강남구,삼성동,상지리츠빌카일룸,53억~53억 5000,13세대,총 1동,287.46㎡ ~ 333.74㎡,18,,
강남구,삼성동,서광,17억 3000~22억 5000,304세대,총 2동,77.04㎡ ~ 104.43㎡,5,,
강남구,삼성동,석탑,17억 5000,139세대,총 1동,80.92㎡ ~ 106.24㎡,3,,
강남구,삼성동,선릉LG에클라트(A동,주상복합),3억 4500~3억 7000,125세대,총 1동,45.07㎡ ~ 65.27㎡,17,
강남구,삼성동,선릉LG에클라트(B동,주상복합),3억 3000~4억 5000,293세대,총 1동,47.44㎡ ~ 77.44㎡,16,
강남구,삼성동,세방타운하우스,-,14세대,총 1동,100.53㎡ ~ 148.14㎡,13,,
강남구,삼성동,신동아듀크빌,-,17세대,총 1동,264.44㎡ ~ 300.64㎡,16,,
강남구,삼성동,심포니하우스,-,19세대,총 1동,190.66㎡ ~ 264.54㎡,14,,
강남구,삼성동,쌍용플래티넘(주상복합),-,88세대,총 2동,147.32㎡ ~ 188.65㎡,6,,
강남구,삼성동,씨티빌,-,38세대,총 2동,181.63㎡ ~ 305.35㎡,12,,
강남구,삼성동,아델하우스,70억,14세대,총 1동,210.21㎡ ~ 226.56㎡,13,,
강남구,삼성동,아르헤타워(도시형),6억,20세대,총 1동,39.84㎡ ~ 43.17㎡,0,,
강남구,삼성동,아셈(150-5),-,19세대,총 1동,74.72㎡ ~ 168.02㎡,13,,
강남구,삼성동,아이파크삼성,50억~162억,449세대,총 3동,182.87㎡ ~ 345.15㎡,5,,
강남구,삼성동,영무예다음,20억,45세대,총 2동,105.72㎡ ~ 135.18㎡,8,,
강남구,삼성동,우정에쉐르,21억 5000,40세대,총 1동,109.43㎡ ~ 151.46㎡,5,,
강남구,삼성동,월성빌라트,-,19세대,총 1동,115.14㎡ ~ 212.52㎡,12,,
강남구,삼성동,위레벤646(도시형),-,63세대,총 1동,49.5㎡ ~ 161.15㎡,4,,
강남구,삼성동,이안애2차,10억~16억 7000,19세대,총 1동,72.06㎡ ~ 133.37㎡,13,,
강남구,삼성동,진흥,27억~50억,255세대,총 3동,110.92㎡ ~ 221.01㎡,13,,
강남구,삼성동,채널리저브(주상복합),17억 5000,78세대,총 1동,103.86㎡ ~ 182.83㎡,15,,
강남구,삼성동,청구,24억~30억,167세대,총 3동,104.76㎡,3,,
강남구,삼성동,푸른솔,-,61세대,총 1동,82.24㎡ ~ 198.11㎡,4,,
강남구,삼성동,풍림,-,36세대,총 1동,58.04㎡ ~ 76.32㎡,13,,
강남구,삼성동,풍림1차,17억 5000~30억,252세대,총 1동,71.19㎡ ~ 141.23㎡,12,,
강남구,삼성동,프레스티지(도시형),-,16세대,총 1동,34.51㎡ ~ 39.51㎡,7,,
강남구,삼성동,한솔,23억 5000~25억,263세대,총 2동,55.98㎡ ~ 147.81㎡,3,,
강남구,삼성동,한양립스(주상복합),7억 1700~9억,28세대,총 1동,40.09㎡,17,,
강남구,삼성동,현대,17억~18억,198세대,총 1동,45.92㎡ ~ 144.33㎡,6,,
강남구,삼성동,현대빌라트,19억 8000,14세대,총 1동,88.43㎡ ~ 182.1㎡,6,,
강남구,삼성동,현대타워(주상복합),28억,30세대,총 1동,187.05㎡,17,,
강남구,삼성동,형우,45억~48억,19세대,총 1동,207.03㎡ ~ 259.54㎡,14,,
강남구,삼성동,호산프라자(주상복합),-,41세대,총 1동,27.83㎡ ~ 50.49㎡,6,,
강남구,삼성동,홍실,29억~40억,384세대,총 6동,101.02㎡ ~ 175.92㎡,1,,
강남구,세곡동,강남LH1단지(e편한세상),15억 5000~18억 5000,809세대,총 12동,81.83㎡ ~ 115.97㎡,16,,
강남구,세곡동,강남데시앙파크,15억 3000~21억,546세대,총 15동,108.54㎡ ~ 145.53㎡,11,,
강남구,세곡동,강남신동아파밀리에1단지,14억~15억 5000,395세대,총 6동,86.88㎡ ~ 86.89㎡,10,,
강남구,세곡동,강남신동아파밀리에2단지,15억 5000,410세대,총 7동,115.82㎡ ~ 116.72㎡,5,,
강남구,세곡동,강남효성해링턴코트,27억~30억,199세대,총 11동,114.4㎡ ~ 158.52㎡,4,,
강남구,세곡동,세곡리엔파크3단지,18억,363세대,총 7동,118.44㎡,4,,
강남구,세곡동,세곡푸르지오,15억 8000~20억,912세대,총 16동,80.22㎡ ~ 113.85㎡,3,,
강남구,우면동,LH서초5단지,11억 7000~16억,358세대,총 3동,81.97㎡ ~ 116.25㎡,9,,
강남구,우면동,금광아크존(주상복합),14억~14억 5000,39세대,총 1동,67.68㎡ ~ 124.52㎡,17,,
강남구,우면동,뉴현대,-,10세대,총 1동,68.15㎡ ~ 129.27㎡,3,,
강남구,우면동,닛시빌라트,-,19세대,총 1동,88.33㎡ ~ 195.48㎡,18,,
강남구,우면동,대성아트빌,-,19세대,총 1동,58.71㎡ ~ 100.6㎡,5,,
강남구,우면동,대원칸타빌,15억~18억,130세대,총 2동,85.08㎡ ~ 144.14㎡,11,,
강남구,우면동,래미안신사,22억~25억,63세대,총 1동,113.06㎡,8,,
강남구,우면동,로데오현대,15억~23억,139세대,총 1동,73.95㎡ ~ 122.28㎡,12,,
강남구,우면동,루덴하우스,11억,19세대,총 1동,88.73㎡ ~ 102.99㎡,6,,
강남구,우면동,리갈팰리스,-,15세대,총 1동,184.74㎡ ~ 275.45㎡,10,,
강남구,우면동,신사빌라트1,-,9세대,총 1동,26.77㎡ ~ 163.98㎡,4,,
강남구,우면동,신사씨티빌,-,17세대,총 1동,51.8㎡ ~ 164.21㎡,7,,
강남구,우면동,신사아이빌,-,19세대,총 1동,94.27㎡ ~ 127.8㎡,8,,
강남구,우면동,신사아크존2,-,14세대,총 1동,105.52㎡ ~ 146.53㎡,12,,
강남구,우면동,신사파크빌,-,28세대,총 2동,104.48㎡ ~ 146.45㎡,6,,
강남구,우면동,신성,17억~17억 5000,55세대,총 1동,72.11㎡ ~ 98.32㎡,11,,
강남구,압구정동,대림빌라트,-,19세대,총 1동,209.6㎡ ~ 254.46㎡,8,,
강남구,압구정동,미성1차,38억~60억,322세대,총 3동,111.97㎡ ~ 193.09㎡,8,,
강남구,압구정동,미성2차,30억~55억,911세대,총 9동,95.27㎡ ~ 163.56㎡,7,,
강남구,압구정동,신현대(현대9,11,12차),40억~75억,1924세대,총 27동,114.08㎡ ~ 202.05㎡,5
강남구,압구정동,영동한양1차,30억~42억,936세대,총 10동,63.14㎡ ~ 168.79㎡,9,,
강남구,압구정동,한양2차,55억~63억,296세대,총 5동,160.57㎡ ~ 286.35㎡,8,,
강남구,압구정동,한양3차,39억~57억,312세대,총 5동,127.07㎡ ~ 176.43㎡,9,,
강남구,압구정동,한양4차,35억~73억,286세대,총 4동,85.52㎡ ~ 228.51㎡,13,,
강남구,압구정동,한양5차,56억,343세대,총 4동,108.26㎡ ~ 168.46㎡,7,,
강남구,압구정동,한양6차,37억,227세대,총 2동,115.1㎡ ~ 168.7㎡,11,,
강남구,압구정동,한양7차,38억~50억,239세대,총 2동,114.55㎡ ~ 151.04㎡,4,,
강남구,압구정동,한양8차,83억~84억 5000,90세대,총 1동,208.37㎡ ~ 224.21㎡,6,,
강남구,압구정동,현대1,2차,46억 5000~80억,960세대,총 13동,141.74㎡ ~ 213.46㎡,3,
강남구,압구정동,현대10차,39억~42억,144세대,총 2동,115.41㎡ ~ 164.59㎡,7,,
강남구,압구정동,현대13차,-,234세대,총 4동,116.03㎡ ~ 119.5㎡,10,,
강남구,압구정동,현대14차,41억~42억,388세대,총 4동,96.49㎡ ~ 99.48㎡,7,,
강남구,압구정동,현대3차,36억~37억,432세대,총 4동,108.88㎡ ~ 108.94㎡,3,,
강남구,압구정동,현대4차,55억~60억,170세대,총 6동,140.26㎡,1,,
강남구,압구정동,현대5차,39억~40억,224세대,총 2동,113.96㎡,2,,
강남구,압구정동,현대6,7차,51억~80억,1288세대,총 15동,156.13㎡ ~ 264.87㎡,1,
강남구,압구정동,현대65동(대림아크로빌),100억,56세대,총 1동,269.57㎡ ~ 282.65㎡,2,,
강남구,압구정동,현대8차,36억~58억,515세대,총 5동,115.26㎡ ~ 177.73㎡,17,,
강남구,압구정동,현대빌라트,58억~60억,19세대,총 1동,203.03㎡ ~ 242.42㎡,8,,
강남구,역삼동,CMD(르네상스프라자),-,7세대,총 1동,40.95㎡ ~ 95.64㎡,16,,
강남구,역삼동,D&S리치빌(도시형),-,49세대,총 1동,23.86㎡ ~ 33.54㎡,19,,
강남구,역삼동,K타워(도시형),-,33세대,총 1동,25.98㎡ ~ 26.34㎡,16,,
강남구,역삼동,SK허브젠(주상복합),18억 8000~21억 5000,56세대,총 1동,87.97㎡ ~ 108.4㎡,4,,
강남구,역삼동,강남IBC(민간임대,도시형),-,137세대,총 1동,33.99㎡ ~ 142.03㎡,23,
강남구,역삼동,강남역우정에쉐르(주상복합),2억 2000~6억 5000,52세대,총 1동,23.63㎡ ~ 37.58㎡,13,,
강남구,역삼동,강남역이스턴(도시형),1억 9000~2억,98세대,총 1동,23㎡ ~ 23.77㎡,14,,
강남구,역삼동,강남웅진베어스빌(도시형),3억 8500~4억 3000,25세대,총 1동,24.01㎡ ~ 28.94㎡,4,,
강남구,역삼동,강남피엔폴루스크리아체(도시형),-,29세대,총 1동,67.99㎡ ~ 87.46㎡,정보 없음,,
강남구,역삼동,강남한솔,8억 9000,12세대,총 1동,58.43㎡ ~ 86.13㎡,9,,
강남구,역삼동,개나리SK뷰,31억~40억,240세대,총 3동,112.96㎡ ~ 160.22㎡,1,,
강남구,역삼동,개나리래미안,22억~38억,438세대,총 7동,77.36㎡ ~ 184.38㎡,3,,
강남구,역삼동,개나리푸르지오,24억~40억,332세대,총 5동,79.81㎡ ~ 184.22㎡,1,,
강남구,역삼동,갤러리빌,7억 2000,32세대,총 4동,66.15㎡ ~ 72.83㎡,11,,
강남구,역삼동,갤러리아트,-,15세대,총 1동,38.37㎡ ~ 146.93㎡,20,,
강남구,역삼동,갤러리하우스,-,17세대,총 1동,64.54㎡ ~ 93.86㎡,20,,
강남구,역삼동,거평,25억~26억,19세대,총 1동,206.87㎡ ~ 271.32㎡,8,,
강남구,역삼동,경남,16억~20억,164세대,총 1동,110.85㎡ ~ 117.5㎡,11,,
강남구,역삼동,경인리빙텔(주상복합),-,30세대,총 1동,39.64㎡ ~ 87.58㎡,2,,
강남구,역삼동,경일역삼,-,17세대,총 1동,94.35㎡ ~ 163.02㎡,16,,
강남구,역삼동,공간쉐르빌,8억 5000,17세대,총 1동,48.85㎡ ~ 93.3㎡,20,,
강남구,역삼동,광평하우스빌,-,16세대,총 1동,30.48㎡ ~ 57.42㎡,6,,
강남구,역삼동,금호어울림,21억~26억,183세대,총 3동,103.7㎡ ~ 156.18㎡,3,,
강남구,역삼동,꿈꾸지오(691-5),-,16세대,총 1동,28.03㎡ ~ 35.11㎡,15,,
강남구,역삼동,꿈꾸지오(697-23),-,16세대,총 1동,25.97㎡ ~ 32.34㎡,14,,
강남구,역삼동,꿈꾸지오(698-6,도시형),-,20세대,총 1동,30.63㎡ ~ 36.89㎡,13,
강남구,역삼동,꿈꾸지오(751-4,도시형),-,20세대,총 1동,27.13㎡ ~ 32.36㎡,7,
강남구,역삼동,꿈꾸지오(774-27,도시형),-,22세대,총 1동,25.26㎡ ~ 35.67㎡,10,
강남구,역삼동,꿈꾸지오(794-21,도시형),-,24세대,총 1동,20.71㎡ ~ 31.84㎡,9,
강남구,역삼동,네스빌,21억~24억 5000,9세대,총 1동,245.45㎡ ~ 259.51㎡,7,,
강남구,역삼동,노블스위트,-,19세대,총 1동,78.96㎡ ~ 101.95㎡,12,,
강남구,역삼동,뉴엠,28억~30억,8세대,총 1동,161.97㎡ ~ 251.31㎡,18,,
강남구,역삼동,다사랑빌(도시형),-,11세대,총 1동,20.32㎡ ~ 47.03㎡,4,,
강남구,역삼동,대림역삼,16억 5000~21억,129세대,총 1동,78.01㎡ ~ 111.09㎡,12,,
강남구,역삼동,대명벨리온(도시형),2억 500~2억 7000,71세대,총 1동,21.12㎡ ~ 46.69㎡,18,,
강남구,역삼동,대우디오빌플러스(주상복합),3억 2000~4억 5500,168세대,총 1동,46.72㎡ ~ 59.69㎡,10,,
강남구,역삼동,더블루(주상복합),10억 5000~19억,68세대,총 1동,77.84㎡ ~ 113.16㎡,10,,
강남구,역삼동,더클래스(도시형),-,14세대,총 1동,35.21㎡ ~ 69.74㎡,정보 없음,,
강남구,역삼동,동부센트레빌,18억 4000~18억 5000,206세대,총 1동,77.83㎡ ~ 110.66㎡,5,,
강남구,역삼동,동원스위트뷰역삼,13억 5000~16억 5000,28세대,총 1동,84.46㎡ ~ 119.93㎡,13,,
강남구,역삼동,뜨라네(828-21),-,15세대,총 1동,68.99㎡ ~ 106.58㎡,11,,
강남구,역삼동,뜨라네(828-76),-,18세대,총 1동,36.66㎡ ~ 127.3㎡,11,,
강남구,역삼동,래미안그레이튼2차,23억 5000~32억,464세대,총 5동,86㎡ ~ 154.96㎡,12,,
강남구,역삼동,래미안그레이튼3차,23억~27억,476세대,총 8동,85.64㎡ ~ 172.22㎡,9,,
강남구,역삼동,래미안펜타빌,35억 5000~40억,288세대,총 5동,161.43㎡ ~ 185.97㎡,4,,
강남구,역삼동,로얄빌리지,13억,19세대,총 2동,61.04㎡ ~ 151.85㎡,21,,
강남구,역삼동,로얄팰리스,20억,15세대,총 1동,106.45㎡ ~ 200.13㎡,14,,
강남구,역삼동,루미하우스(도시형),-,24세대,총 1동,23.08㎡ ~ 34.82㎡,19,,
강남구,역삼동,루트원레지던스(도시형),-,28세대,총 1동,24.4㎡ ~ 69.52㎡,17,,
강남구,역삼동,리치타워,-,19세대,총 1동,97.23㎡ ~ 153.88㎡,10,,
강남구,역삼동,명인갤러리1차,12억,14세대,총 1동,76.86㎡ ~ 95.31㎡,10,,
강남구,역삼동,명인갤러리2차,21억~23억,14세대,총 1동,137.16㎡ ~ 137.68㎡,10,,
강남구,역삼동,베르사이유,-,16세대,총 1동,126.56㎡ ~ 149.2㎡,21,,
강남구,역삼동,베스젠빌,-,19세대,총 1동,112.19㎡ ~ 181.73㎡,13,,
강남구,역삼동,불루밍코트,-,19세대,총 1동,90.83㎡ ~ 190.35㎡,7,,
강남구,역삼동,비에네스타,-,28세대,총 1동,49.4㎡ ~ 161.9㎡,8,,
강남구,역삼동,상지리츠빌,-,28세대,총 2동,180.55㎡,12,,
강남구,역삼동,상지리츠빌역삼2차,-,19세대,총 1동,142.02㎡ ~ 188.07㎡,11,,
강남구,역삼동,선릉역우정에쉐르멤버스(주상복합),3억 2000~6억,34세대,총 1동,28.83㎡ ~ 47.43㎡,9,,
강남구,역삼동,성영포유,-,19세대,총 2동,124.08㎡ ~ 199.91㎡,7,,
강남구,역삼동,세방하이빌,-,67세대,총 2동,66.29㎡ ~ 120.67㎡,10,,
강남구,역삼동,세연예지향,-,19세대,총 1동,110.61㎡ ~ 124.98㎡,20,,
강남구,역삼동,세종빌라트,13억~20억,19세대,총 1동,139.39㎡ ~ 184.82㎡,9,,
강남구,역삼동,스타힐스(도시형),-,27세대,총 1동,20.13㎡ ~ 34.77㎡,13,,
강남구,역삼동,스톤엘리시온역삼,13억~13억 5000,19세대,총 1동,26.14㎡ ~ 69.99㎡,12,,
강남구,역삼동,시티프라디움더강남(101동,주상복합),20억~22억 2000,72세대,총 1동,84.8㎡ ~ 85.12㎡,9,
강남구,역삼동,시티프라디움더강남(201동,주상복합),20억,34세대,총 1동,97.04㎡,9,
강남구,역삼동,시티프라디움더강남2차(도시형),-,48세대,총 1동,50.65㎡ ~ 72.01㎡,10,,
강남구,역삼동,쌍용플래티넘밸류(주상복합),17억~27억,166세대,총 3동,106.36㎡ ~ 146.15㎡,6,,
강남구,역삼동,쎄비앙,-,29세대,총 2동,90.44㎡ ~ 158.89㎡,16,,
강남구,역삼동,아미헌(도시형),-,21세대,총 1동,27.67㎡ ~ 33.86㎡,10,,
강남구,역삼동,아이힐2(도시형),-,16세대,총 1동,35.89㎡ ~ 36.59㎡,13,,
강남구,역삼동,에레프(도시형),-,63세대,총 1동,19.84㎡ ~ 22.77㎡,5,,
강남구,역삼동,에벤에셀빌라트,-,19세대,총 1동,40.05㎡ ~ 164.39㎡,10,,
강남구,역삼동,역삼(리츠빌),13억 5000,15세대,총 1동,61.97㎡ ~ 107.62㎡,18,,
강남구,역삼동,역삼2차아이파크,18억~33억,150세대,총 3동,74.98㎡ ~ 149.58㎡,6,,
강남구,역삼동,역삼EG소울리더(도시형),1억 8000~4억 8000,99세대,총 1동,19.9㎡ ~ 42.95㎡,11,,
강남구,역삼동,역삼IPARK,8억 4000~37억,541세대,총 7동,36.27㎡ ~ 181.03㎡,3,,
강남구,역삼동,역삼e-편한세상,21억 9000~30억,840세대,총 12동,79.52㎡ ~ 108.2㎡,7,,
강남구,역삼동,역삼골든베리힐,-,14세대,총 1동,68.29㎡ ~ 140.46㎡,16,,
강남구,역삼동,역삼그린비,-,12세대,총 1동,97.5㎡ ~ 121.6㎡,11,,
강남구,역삼동,역삼노블카운티,-,16세대,총 1동,90.66㎡ ~ 123.95㎡,9,,
강남구,역삼동,역삼더하이브(도시형),-,14세대,총 1동,27.33㎡ ~ 69.5㎡,15,,
강남구,역삼동,역삼디오빌(주상복합),3억 2000~9억 5000,457세대,총 1동,39.58㎡ ~ 112.01㎡,13,,
강남구,역삼동,역삼디오슈페리움(주상복합),16억 5000~22억,60세대,총 1동,65.78㎡ ~ 119.11㎡,3,,
강남구,역삼동,역삼래미안,19억 5000~28억,1050세대,총 12동,80.66㎡ ~ 109.4㎡,5,,
강남구,역삼동,역삼롯데캐슬노블,29억~31억,117세대,총 2동,183.02㎡ ~ 283.08㎡,5,,
강남구,역삼동,역삼르비앙,15억,12세대,총 1동,109.11㎡ ~ 167.34㎡,6,,
강남구,역삼동,역삼미까사(도시형),-,29세대,총 1동,30.32㎡ ~ 61.46㎡,11,,
강남구,역삼동,역삼브라운스톤,11억,48세대,총 1동,76.67㎡,12,,
강남구,역삼동,역삼센트럴2차아이파크(도시형),-,67세대,총 1동,29.77㎡ ~ 46.15㎡,4,,
강남구,역삼동,역삼센트럴아이파크,29억~50억,499세대,총 5동,79.27㎡ ~ 218.91㎡,4,,
강남구,역삼동,역삼엔스위트,13억 5000~15억,24세대,총 2동,94.32㎡ ~ 120.31㎡,11,,
강남구,역삼동,역삼예명,9억 5000~10억,15세대,총 1동,67.91㎡ ~ 82.96㎡,15,,
강남구,역삼동,역삼우성,18억~21억,12세대,총 1동,123.63㎡,16,,
강남구,역삼동,역삼우성빌라트,18억~20억,19세대,총 1동,143.29㎡ ~ 173.9㎡,10,,
강남구,역삼동,역삼우정에쉐르1(주상복합),14억 5000,69세대,총 1동,55.3㎡ ~ 99.49㎡,8,,
강남구,역삼동,역삼우정에쉐르2(주상복합),8억 4000~12억 5000,70세대,총 1동,51.08㎡ ~ 61.1㎡,14,,
강남구,역삼동,역삼우정에쉐르3(주상복합),6억 7000~7억 3000,45세대,총 1동,47.18㎡ ~ 78.43㎡,14,,
강남구,역삼동,역삼월드메르디앙,20억~22억,93세대,총 1동,102.65㎡ ~ 129.5㎡,10,,
강남구,역삼동,역삼이안애,12억~14억 5000,30세대,총 2동,97.8㎡ ~ 125.67㎡,14,,
강남구,역삼동,역삼자이,28억 5000~36억 5000,408세대,총 3동,88.11㎡ ~ 151.98㎡,8,,
강남구,역삼동,역삼카이스,13억 9000~18억,19세대,총 1동,131.51㎡,3,,
강남구,역삼동,역삼칼라,-,19세대,총 1동,68.73㎡ ~ 141.83㎡,17,,
강남구,역삼동,역삼트레벨,5억 6000~5억 9000,45세대,총 1동,33.48㎡ ~ 36.74㎡,9,,
강남구,역삼동,역삼파크빌(도시형),-,19세대,총 1동,18.82㎡ ~ 42.7㎡,정보 없음,,
강남구,역삼동,역삼푸르지오,21억 5000~30억,738세대,총 11동,79.41㎡ ~ 104.4㎡,5,,
강남구,역삼동,역삼프라임,-,19세대,총 2동,137.4㎡ ~ 209.71㎡,13,,
강남구,역삼동,역삼프리마빌,14억 5000~15억 5000,19세대,총 1동,91.9㎡ ~ 211.72㎡,17,,
강남구,역삼동,역삼프리우스,15억,27세대,총 2동,88.16㎡ ~ 104.21㎡,17,,
강남구,역삼동,역삼하나빌(주상복합),9억~9억 7000,77세대,총 1동,38.21㎡ ~ 113.88㎡,7,,
강남구,역삼동,역삼한스빌,4억 7000~5억,216세대,총 1동,45.98㎡ ~ 86㎡,1,,
강남구,역삼동,예지인,-,14세대,총 1동,52.43㎡ ~ 121.45㎡,9,,
강남구,역삼동,요진와이시티미니(도시형),1억 9000,91세대,총 1동,23.1㎡ ~ 33.05㎡,17,,
강남구,역삼동,우리집(도시형),-,16세대,총 1동,19.39㎡ ~ 42.12㎡,8,,
강남구,역삼동,우림루미아트(주상복합),2억 2700,84세대,총 2동,30.29㎡ ~ 30.73㎡,13,,
강남구,역삼동,원에디션강남(도시형),-,234세대,총 2동,41.95㎡ ~ 77.64㎡,8,,
강남구,역삼동,은하수,-,63세대,총 1동,66.24㎡ ~ 69.99㎡,9,,
강남구,역삼동,이지마루역삼(주상복합),4억 9000~5억 2000,28세대,총 1동,31.96㎡ ~ 34.71㎡,23,,
강남구,역삼동,일성(도시형),-,13세대,총 1동,15.53㎡ ~ 75.57㎡,7,,
강남구,역삼동,정원,15억~16억,19세대,총 1동,108.17㎡ ~ 202.12㎡,10,,
강남구,역삼동,조이너스,-,28세대,총 1동,64.94㎡ ~ 106.51㎡,11,,
강남구,역삼동,좋은사람좋은집(도시형),-,26세대,총 1동,21.75㎡ ~ 134.72㎡,13,,
강남구,역삼동,지석천평대,11억~12억,14세대,총 1동,69.43㎡ ~ 100.59㎡,7,,
강남구,역삼동,진넥스빌2(주상복합),2억 2500,56세대,총 1동,33.29㎡ ~ 42.62㎡,12,,
강남구,역삼동,코너스톤(도시형),-,28세대,총 1동,31.55㎡ ~ 39.82㎡,18,,
강남구,역삼동,탑팰리스,-,19세대,총 1동,59.32㎡ ~ 93.62㎡,13,,
강남구,역삼동,테라힐스,-,19세대,총 1동,71.9㎡ ~ 190.33㎡,5,,
강남구,역삼동,테헤란아이파크,25억~30억,411세대,총 6동,82.91㎡ ~ 147.12㎡,8,,
강남구,역삼동,파크앤스위트,-,19세대,총 1동,88.11㎡ ~ 97.4㎡,6,,
강남구,역삼동,포스틸빌라트,9억,12세대,총 1동,65.6㎡ ~ 81.04㎡,12,,
강남구,역삼동,풍림지오빌,-,17세대,총 1동,56.51㎡ ~ 256.34㎡,17,,
강남구,역삼동,풍성애뜨란(도시형),5억 8000,20세대,총 1동,31.64㎡ ~ 34.81㎡,8,,
강남구,역삼동,프리빌리지(도시형),3억 9000~8억 2550,27세대,총 1동,26.64㎡ ~ 66.44㎡,13,,
강남구,역삼동,플래티늄,-,19세대,총 1동,49.86㎡ ~ 121.79㎡,10,,
강남구,역삼동,하우스템(도시형),-,23세대,총 1동,19.99㎡ ~ 31.77㎡,11,,
강남구,역삼동,한양럭스,-,18세대,총 1동,54.38㎡ ~ 157.28㎡,16,,
강남구,역삼동,한화진넥스빌(주상복합),3억 2000~6억 5000,294세대,총 1동,46.78㎡ ~ 68.62㎡,12,,
강남구,역삼동,현대까르띠에710,35억~47억,137세대,총 3동,199.67㎡ ~ 295.17㎡,12,,
강남구,역삼동,현대이스트빌,-,12세대,총 1동,275.49㎡ ~ 275.84㎡,19,,
강남구,역삼동,현대트라움,-,14세대,총 1동,201㎡ ~ 203.69㎡,11,,
강남구,역삼동,현대하이츠,14억 5000,12세대,총 1동,70.66㎡ ~ 124.74㎡,16,,
강남구,역삼동,휴먼스빌(도시형),-,14세대,총 1동,37.59㎡ ~ 47.5㎡,9,,
강남구,역삼동,휴먼터치빌(주상복합),2억 8000~5억 2500,160세대,총 1동,37.85㎡ ~ 52.4㎡,12,,
강남구,역삼동,휴먼터치빌(주상복합),-,160세대,총 1동,0㎡,정보 없음,,
강남구,율현동,강남한신휴플러스6단지,15억~18억 3000,378세대,총 12동,85.94㎡ ~ 120.72㎡,14,,
강남구,율현동,강남한신휴플러스8단지,20억,169세대,총 11동,141.18㎡ ~ 157.83㎡,8,,
강남구,일원동,가람,22억 7000~25억,496세대,총 13동,90.35㎡ ~ 100.94㎡,1,,
강남구,일원동,개포한신,22억~25억,364세대,총 4동,87.45㎡ ~ 114.51㎡,5,,
강남구,일원동,개포현대4차,20억 5000~22억,142세대,총 1동,91.6㎡ ~ 106.65㎡,3,,
강남구,일원동,골든빌(도시형),-,10세대,총 1동,35.89㎡ ~ 40.61㎡,정보 없음,,
강남구,일원동,꿈지을(도시형),-,10세대,총 1동,16.45㎡ ~ 35.11㎡,7,,
강남구,일원동,꿈피엠(도시형),-,10세대,총 1동,16.1㎡ ~ 34.69㎡,7,,
강남구,일원동,디에이치자이개포,32억~45억,1996세대,총 15동,81.76㎡ ~ 226.11㎡,1,,
강남구,일원동,디에이치포레센트,23억 5000~35억,184세대,총 4동,80.62㎡ ~ 149.89㎡,2,,
강남구,일원동,래미안개포루체하임,23억~43억,850세대,총 12동,86.17㎡ ~ 215.53㎡,3,,
강남구,일원동,목련타운,23억 8000~28억,650세대,총 8동,121.11㎡ ~ 158.71㎡,2,,
강남구,일원동,삼성사원,21억 8000~22억,80세대,총 4동,77.27㎡ ~ 103.57㎡,3,,
강남구,일원동,상록수,23억 5000~28억,740세대,총 22동,90.12㎡ ~ 101.4㎡,3,,
강남구,일원동,샘터마을,26억~38억,628세대,총 9동,119.77㎡ ~ 179.36㎡,6,,
강남구,일원동,수서1-2단지,10억 7000~16억 5000,720세대,총 7동,58.75㎡ ~ 88.11㎡,3,,
강남구,일원동,우성7차,22억~25억,802세대,총 15동,76.5㎡ ~ 105.58㎡,5,,
강남구,일원동,청솔빌리지,19억~22억,291세대,총 13동,79.81㎡,3,,
강남구,일원동,푸른마을,16억 5000~22억,930세대,총 11동,82.14㎡ ~ 103.49㎡,8,,
강남구,일원동,한솔마을,23억~27억,570세대,총 19동,84.72㎡ ~ 110.26㎡,9,,
강남구,일원동,호정빌라트,-,19세대,총 1동,150.39㎡ ~ 166.86㎡,3,,
강남구,자곡동,LH강남8단지(도시형),13억~14억,96세대,총 12동,81.41㎡ ~ 81.62㎡,1,,
강남구,자곡동,LH강남브리즈힐,12억 5000~15억,402세대,총 13동,102.4㎡ ~ 117.53㎡,14,,
강남구,자곡동,LH강남아이파크,15억 5000~16억,716세대,총 10동,81.53㎡ ~ 115.52㎡,2,,
강남구,자곡동,LH강남힐스테이트,11억~18억,1339세대,총 5동,73.91㎡ ~ 120.05㎡,4,,
강남구,자곡동,강남한양수자인,16억 5000~23억 5000,1304세대,총 26동,81.64㎡ ~ 154.34㎡,4,,
강남구,자곡동,래미안강남힐즈,21억~30억,1020세대,총 20동,118.8㎡ ~ 132.06㎡,6,,
강남구,자곡동,래미안포레,18억~19억 5000,1070세대,총 15동,85.07㎡ ~ 141.4㎡,1,,
강남구,자곡동,수서역세권A3블록신혼희망타운,-,597세대,총 8동,72.78㎡ ~ 86.77㎡,정보 없음,,
강남구,청담동,LG,-,11세대,총 1동,263.42㎡,5,,
강남구,청담동,PH129,90억~150억,29세대,총 1동,332.88㎡ ~ 495.42㎡,15,,
강남구,청담동,T.S.,-,8세대,총 1동,176.7㎡ ~ 222.06㎡,5,,
강남구,청담동,강변상지리츠빌,-,12세대,총 1동,166.36㎡ ~ 196.23㎡,9,,
강남구,청담동,건영,30억~40억,240세대,총 2동,104.51㎡ ~ 105.06㎡,13,,
강남구,청담동,골든아트빌(주상복합),-,19세대,총 1동,173.52㎡ ~ 201.9㎡,2,,
강남구,청담동,구산,17억~23억 5000,37세대,총 1동,75.06㎡ ~ 144.54㎡,15,,
강남구,청담동,뉴현대리버빌,35억,15세대,총 1동,144.04㎡ ~ 201.03㎡,11,,
강남구,청담동,대우로얄카운티II,50억,13세대,총 1동,235.03㎡ ~ 263.21㎡,3,,
강남구,청담동,대우로얄카운티III,50억~52억,19세대,총 1동,261.83㎡ ~ 300.19㎡,4,,
강남구,청담동,대우로얄카운티V,50억,12세대,총 1동,244.85㎡ ~ 276.67㎡,15,,
강남구,청담동,대우리츠카운티,39억~40억,19세대,총 1동,179.45㎡ ~ 280.25㎡,6,,
강남구,청담동,대우멤버스카운티Ⅱ,23억~25억,17세대,총 1동,152.57㎡ ~ 173.95㎡,14,,
강남구,청담동,더리버스청담(주상복합),-,12세대,총 1동,49.5㎡,11,,
강남구,청담동,더헤리움(A동/도시형),-,10세대,총 1동,48.68㎡ ~ 68.97㎡,14,,
강남구,청담동,더헤리움(B동),10억 9900~11억,8세대,총 1동,40.64㎡ ~ 57.87㎡,16,,
강남구,청담동,동궁빌리지,-,16세대,총 1동,139.29㎡ ~ 147.77㎡,7,,
강남구,청담동,두산,58억~65억,12세대,총 1동,235.35㎡ ~ 245.52㎡,3,,
강남구,청담동,디아트(주상복합),-,16세대,총 1동,150.68㎡,8,,
강남구,청담동,라테라스청담(도시형),3억 4000~8억,88세대,총 1동,26.86㎡ ~ 60.22㎡,9,,
강남구,청담동,마크힐스1/2단지,63억~125억,38세대,총 2동,260.18㎡ ~ 388.14㎡,11,,
강남구,청담동,목화,30억~35억,19세대,총 1동,149.56㎡ ~ 260.04㎡,8,,
강남구,청담동,빌폴라리스,55억,19세대,총 1동,203.81㎡,13,,
강남구,청담동,삼성청담공원,17억 8000~27억,391세대,총 8동,81.95㎡ ~ 132.18㎡,13,,
강남구,청담동,삼익,33억~41억,888세대,총 12동,113.17㎡ ~ 174.35㎡,1,,
강남구,청담동,삼호,39억,45세대,총 3동,192.43㎡ ~ 256.11㎡,6,,
강남구,청담동,삼환,14억~19억,184세대,총 1동,40.47㎡ ~ 148.99㎡,4,,
강남구,청담동,상지리츠빌10차,38억,17세대,총 1동,174.04㎡ ~ 203.87㎡,5,,
강남구,청담동,상지리츠빌4차,40억,38세대,총 2동,196.18㎡ ~ 281.45㎡,5,,
강남구,청담동,상지리츠빌5차,30억~40억,52세대,총 3동,150㎡ ~ 263.51㎡,10,,
강남구,청담동,상지리츠빌6차,-,19세대,총 1동,168.21㎡ ~ 256.07㎡,7,,
강남구,청담동,상지리츠빌9차,40억,12세대,총 1동,196.02㎡ ~ 219.25㎡,5,,
강남구,청담동,상지리츠빌카일룸2차,85억~90억,15세대,총 1동,281.6㎡,14,,
강남구,청담동,상지리츠빌카일룸3차,-,19세대,총 1동,248㎡ ~ 345.79㎡,14,,
강남구,청담동,상지카일룸,-,17세대,총 1동,272.71㎡ ~ 305.46㎡,14,,
강남구,청담동,신동아,25억~27억,106세대,총 1동,103.81㎡,5,,
강남구,청담동,씨티2차,-,37세대,총 2동,97.87㎡ ~ 242.41㎡,6,,
강남구,청담동,씨티3차,35억,19세대,총 1동,166.54㎡ ~ 263.9㎡,7,,
강남구,청담동,아노스카운티빌라트,-,5세대,총 1동,183.2㎡ ~ 252.08㎡,7,,
강남구,청담동,에비뉴나인티(도시형),15억 3800~16억 8000,28세대,총 1동,65.85㎡ ~ 68.31㎡,7,,
강남구,청담동,에테르노청담,-,29세대,총 1동,344.54㎡ ~ 1168.21㎡,9,,
강남구,청담동,연세2차,30억,13세대,총 1동,147.69㎡,5,,
강남구,청담동,연세리버빌,-,19세대,총 1동,266.58㎡ ~ 275.19㎡,5,,
강남구,청담동,연세리버빌3차,55억,19세대,총 1동,226.86㎡ ~ 263.82㎡,5,,
강남구,청담동,연세리버테라스,-,19세대,총 1동,269.49㎡ ~ 271.12㎡,3,,
강남구,청담동,연세힐하우스I,32억~35억,18세대,총 1동,120.7㎡ ~ 211.2㎡,4,,
강남구,청담동,연세힐하우스II,-,6세대,총 1동,186.79㎡ ~ 268.47㎡,5,,
강남구,청담동,우성,-,25세대,총 1동,74.11㎡ ~ 131.09㎡,4,,
강남구,청담동,이니그마빌II,-,16세대,총 1동,278.58㎡ ~ 330.8㎡,5,,
강남구,청담동,이니그마빌Ⅰ,50억,14세대,총 1동,271.08㎡ ~ 271.22㎡,5,,
강남구,청담동,진흥,27억~40억,375세대,총 4동,107.19㎡ ~ 180.67㎡,9,,
강남구,청담동,청담CJ빌리지,26억~27억,11세대,총 1동,171.37㎡ ~ 172.62㎡,7,,
강남구,청담동,청담e-편한세상1차,21억~30억,271세대,총 4동,87.2㎡ ~ 165.32㎡,4,,
강남구,청담동,청담e-편한세상2차,23억~24억,142세대,총 3동,103.39㎡ ~ 193.59㎡,1,,
강남구,청담동,청담e-편한세상2차(204동),-,41세대,총 1동,96.9㎡ ~ 174.43㎡,1,,
강남구,청담동,청담e-편한세상2차(205동),-,41세대,총 1동,96.52㎡ ~ 144.98㎡,2,,
강남구,청담동,청담e-편한세상3차,21억 3000~22억,49세대,총 1동,89.48㎡ ~ 180.14㎡,2,,
강남구,청담동,청담e-편한세상4차,22억 8000~35억,94세대,총 2동,106.23㎡ ~ 160.85㎡,3,,
강남구,청담동,청담갤러리파크,-,6세대,총 1동,197.44㎡ ~ 266.27㎡,13,,
강남구,청담동,청담그랑빌(주상복합),-,19세대,총 1동,87.18㎡ ~ 125.21㎡,9,,
강남구,청담동,청담대우로얄카운티6차,34억,12세대,총 1동,179.25㎡ ~ 206.49㎡,1,,
강남구,청담동,청담대우로얄카운티Ⅰ,47억,17세대,총 1동,236.98㎡ ~ 265.13㎡,5,,
강남구,청담동,청담대우멤버스카운티10차,-,15세대,총 1동,151.64㎡ ~ 185.42㎡,9,,
강남구,청담동,청담대우멤버스카운티11차,29억~32억,18세대,총 1동,156.01㎡ ~ 183.28㎡,10,,
강남구,청담동,청담대우멤버스카운티8차,-,10세대,총 1동,124.81㎡ ~ 153.3㎡,9,,
강남구,청담동,청담대우멤버스카운티9차,-,10세대,총 1동,97.09㎡ ~ 136.45㎡,9,,
강남구,청담동,청담대우멤버스카운티V,-,19세대,총 1동,170.31㎡ ~ 185.53㎡,8,,
강남구,청담동,청담대우멤버스카운티VI,-,19세대,총 2동,162.15㎡ ~ 213.86㎡,9,,
강남구,청담동,청담대우멤버스카운티Vll,-,19세대,총 2동,158.89㎡ ~ 187.69㎡,9,,
강남구,청담동,청담대우멤버스카운티XII,-,16세대,총 1동,148.44㎡ ~ 213.71㎡,9,,
강남구,청담동,청담대우멤버스카운티Ⅲ,30억,19세대,총 1동,165.88㎡ ~ 181.8㎡,8,,
강남구,청담동,청담대우유로카운티,23억 5000~35억,196세대,총 4동,99.92㎡ ~ 213.46㎡,11,,
강남구,청담동,청담동양파라곤,53억~70억,92세대,총 2동,204.84㎡ ~ 290.11㎡,10,,
강남구,청담동,청담디에브스,17억,18세대,총 1동,60.24㎡ ~ 152.35㎡,11,,
강남구,청담동,청담래미안로이뷰,27억~40억,177세대,총 1동,136.11㎡,10,,
강남구,청담동,청담린든그로브,37억~38억,114세대,총 5동,114.36㎡ ~ 277.45㎡,12,,
강남구,청담동,청담마크노빌,-,12세대,총 1동,292.02㎡ ~ 357.49㎡,6,,
강남구,청담동,청담범신칼릭스빌,25억,18세대,총 1동,104.55㎡,10,,
강남구,청담동,청담범신칼릭스빌2차,30억~33억,18세대,총 1동,121.47㎡,11,,
강남구,청담동,청담범신칼릭스빌3차,-,12세대,총 1동,55.78㎡ ~ 55.82㎡,9,,
강남구,청담동,청담브르넨,70억~130억,8세대,총 1동,204.36㎡ ~ 257.62㎡,5,,
강남구,청담동,청담삼성,23억,16세대,총 2동,145.21㎡ ~ 197.39㎡,13,,
강남구,청담동,청담삼성1차,16억 5000~20억,158세대,총 1동,79.1㎡ ~ 112.37㎡,3,,
강남구,청담동,청담삼성3차,-,217세대,총 2동,86.34㎡ ~ 163.55㎡,4,,
강남구,청담동,청담상지리츠빌3차,35억,24세대,총 3동,202.62㎡ ~ 278.52㎡,7,,
강남구,청담동,청담상지리츠빌7차,-,10세대,총 1동,215.78㎡,3,,
강남구,청담동,청담상지리츠빌8차,-,18세대,총 2동,207.8㎡ ~ 294.23㎡,7,,
강남구,청담동,청담스위트(도시형),2억 2500~2억 6000,124세대,총 1동,19.28㎡ ~ 22.62㎡,4,,
강남구,청담동,청담스테이,6억 3500~9억 2000,16세대,총 1동,30.26㎡ ~ 33.83㎡,4,,
강남구,청담동,청담신동아빌라트,-,18세대,총 1동,183.75㎡ ~ 239.63㎡,1,,
강남구,청담동,청담신원아침도시마인(도시형),3억 3000~8억 5000,89세대,총 1동,34.92㎡ ~ 71.31㎡,7,,
강남구,청담동,청담아르지움(도시형),4억 7000~13억 8000,29세대,총 1동,24.74㎡ ~ 67.93㎡,4,,
강남구,청담동,청담아이파크,31억~45억,108세대,총 1동,137.01㎡ ~ 137.11㎡,12,,
강남구,청담동,청담어퍼하우스,66억~68억,18세대,총 1동,225.49㎡ ~ 313.26㎡,10,,
강남구,청담동,청담연세파크빌,-,18세대,총 1동,264.25㎡ ~ 266.66㎡,15,,
강남구,청담동,청담영풍마드레빌,21억,49세대,총 1동,103.39㎡ ~ 147.24㎡,1,,
강남구,청담동,청담우방,17억~21억,100세대,총 1동,83.51㎡ ~ 149.27㎡,2,,
강남구,청담동,청담자이,22억~40억,708세대,총 5동,70.8㎡ ~ 120.58㎡,8,,
강남구,청담동,청담파라곤Ⅱ 1단지,40억~45억,18세대,총 1동,174.06㎡ ~ 291.05㎡,2,,
강남구,청담동,청담파라곤Ⅱ 2단지,-,17세대,총 2동,164.82㎡ ~ 254.27㎡,3,,
강남구,청담동,청담파크빌,-,10세대,총 1동,71.28㎡ ~ 93.49㎡,7,,
강남구,청담동,청담포레,-,11세대,총 1동,185.55㎡ ~ 267.54㎡,15,,
강남구,청담동,청담현대3차,22억~37억,317세대,총 4동,91.43㎡ ~ 142.19㎡,11,,
강남구,청담동,청담현대빌라트,-,16세대,총 1동,179.8㎡ ~ 196.53㎡,6,,
강남구,청담동,청담휴먼스타빌,8억 4000~10억 5000,191세대,총 1동,48.42㎡ ~ 258.36㎡,7,,
강남구,청담동,청담힐,-,30세대,총 2동,171.61㎡ ~ 227.31㎡,6,,
강남구,청담동,퍼즐하우스,-,15세대,총 1동,70.35㎡ ~ 343.66㎡,6,,
강남구,청담동,하우스에딘브로우,30억,16세대,총 2동,183.11㎡,1,,
강남구,청담동,한신오페라하우스,21억 5000~30억,63세대,총 2동,101.53㎡ ~ 160.24㎡,1,,
강남구,청담동,한신오페라하우스2차,-,42세대,총 1동,108.53㎡ ~ 177.62㎡,1,,
강남구,청담동,헤스티아,-,4세대,총 1동,135.91㎡ ~ 184.03㎡,14,,
강남구,청담동,현대(43-1),-,19세대,총 1동,166.51㎡ ~ 174.24㎡,2,,
강남구,청담동,현대1차,26억,96세대,총 2동,103.32㎡ ~ 172.47㎡,12,,
강남구,청담동,현대2차,20억 5000~21억,214세대,총 2동,97.75㎡ ~ 97.9㎡,7,,
강남구,청담동,현대한강,-,18세대,총 1동,156.58㎡ ~ 204.25㎡,8,,
강남구,청담동,호원,50억,12세대,총 1동,276.4㎡ ~ 276.66㎡,3,,
강남구,청담동,효성청담101,-,35세대,총 2동,256.96㎡ ~ 315.31㎡,3,,
강남구,청담동,효성청담101 2차,79억~82억,28세대,총 1동,226.93㎡ ~ 289.61㎡,2,,
강남구,청담동,흥화(청담매스터빌),-,19세대,총 1동,204.09㎡ ~ 274.11㎡,2,,
강동구,강일동,강동리버스트4단지,-,1239세대,총 10동,73.45㎡ ~ 87.85㎡,1,,
강동구,강일동,강동리버스트8단지,-,946세대,총 12동,72.14㎡ ~ 86.91㎡,9,,
강동구,강일동,강일리버파크10단지,11억~16억,694세대,총 12동,109.49㎡ ~ 142.14㎡,2,,
강동구,강일동,강일리버파크1단지,10억 5000~11억 7000,282세대,총 7동,82.58㎡ ~ 111.57㎡,11,,
강동구,강일동,강일리버파크2단지,11억~12억 5000,442세대,총 9동,110.04㎡ ~ 111.05㎡,7,,
강동구,강일동,강일리버파크3단지,10억 5000~13억,987세대,총 13동,82.04㎡ ~ 110.62㎡,5,,
강동구,강일동,강일리버파크4단지,11억~13억 5000,748세대,총 10동,109.92㎡ ~ 110.8㎡,3,,
강동구,강일동,강일리버파크5단지,10억 7000~13억,722세대,총 9동,82.07㎡ ~ 110.87㎡,3,,
강동구,강일동,강일리버파크6단지,11억 2000~13억 5000,553세대,총 10동,109.89㎡ ~ 110.77㎡,4,,
강동구,강일동,강일리버파크7단지,10억 5000~12억 5000,731세대,총 11동,82.14㎡ ~ 110.82㎡,1,,
강동구,강일동,강일리버파크8단지,10억 7500~12억,410세대,총 9동,110.82㎡ ~ 111.7㎡,6,,
강동구,강일동,강일리버파크9단지,12억~13억,841세대,총 13동,110.83㎡ ~ 111.11㎡,2,,
강동구,강일동,고덕리엔파크1단지,13억 5000~18억,605세대,총 9동,80.15㎡ ~ 152.6㎡,9,,
강동구,강일동,고덕리엔파크2단지,10억~17억 5000,636세대,총 11동,78.75㎡ ~ 149.89㎡,6,,
강동구,강일동,힐스테이트리슈빌강일,-,809세대,총 7동,109.23㎡ ~ 132.3㎡,정보 없음,,
강동구,고덕동,고덕강일제일풍경채,-,780세대,총 6동,115.87㎡ ~ 142.22㎡,정보 없음,,
강동구,고덕동,고덕그라시움,13억~33억,4932세대,총 53동,82.36㎡ ~ 243.62㎡,3,,
강동구,고덕동,고덕래미안힐스테이트,13억 9000~32억,3658세대,총 51동,82.55㎡ ~ 263.29㎡,8,,
강동구,고덕동,고덕센트럴푸르지오(주상복합),11억 6500~14억 8000,656세대,총 4동,61.71㎡ ~ 119.2㎡,11,,
강동구,고덕동,고덕아이파크,13억 3000~25억,1142세대,총 14동,85.07㎡ ~ 215.88㎡,1,,
강동구,고덕동,대우,13억~14억,99세대,총 2동,101.64㎡ ~ 117.58㎡,4,,
강동구,고덕동,배재현대,10억 5000~15억,448세대,총 4동,95.87㎡ ~ 119.01㎡,4,,
강동구,고덕동,아남,9억 2000~15억,807세대,총 8동,60.95㎡ ~ 103.1㎡,2,,
강동구,길동,GS강동자이,13억 2000~20억,596세대,총 12동,104.46㎡ ~ 172.42㎡,4,,
강동구,길동,M.프라자,6억 7000,28세대,총 2동,33.69㎡ ~ 94.86㎡,6,,
강동구,길동,SM드림빌,-,39세대,총 1동,71.36㎡ ~ 102.96㎡,6,,
강동구,길동,SM베스트빌,9억 5000,19세대,총 1동,150.87㎡ ~ 152.55㎡,4,,
강동구,길동,SM해그린12차,8억 3000~9억 5000,47세대,총 1동,41.25㎡ ~ 102.91㎡,3,,
강동구,길동,e편한세상강동에코포레,11억 5000~16억,366세대,총 6동,74.85㎡ ~ 110.52㎡,4,,
강동구,길동,강남팰리스(326-1도시형),-,10세대,총 1동,47.86㎡ ~ 55.26㎡,8,,
강동구,길동,강동QV1차(도시형),1억 500~1억 1000,91세대,총 1동,24.58㎡,11,,
강동구,길동,강동디앤써밋(도시형),3억 5000~4억,40세대,총 2동,24.15㎡ ~ 24.65㎡,12,,
강동구,길동,강동렘브란트(도시형),1억 2000~1억 3500,89세대,총 1동,26.23㎡,12,,
강동구,길동,강동시가오c,-,36세대,총 2동,59.37㎡ ~ 97.03㎡,9,,
강동구,길동,강동역SK허브(주상복합),9억 5000~12억,94세대,총 1동,76.26㎡ ~ 127.26㎡,9,,
강동구,길동,강동와이시티(도시형),1억 1900,216세대,총 1동,23.33㎡ ~ 23.36㎡,9,,
강동구,길동,강동중앙하이츠시티(도시형),-,96세대,총 1동,50.82㎡ ~ 60.52㎡,7,,
강동구,길동,강동큐브2차(도시형),1억 1000~1억 2000,236세대,총 1동,19.98㎡ ~ 24.13㎡,8,,
강동구,길동,강동팰리스(228-5도시형),-,20세대,총 2동,28.24㎡ ~ 65.39㎡,7,,
강동구,길동,강동한신휴플러스(주상복합),9억,124세대,총 1동,98.13㎡ ~ 110.85㎡,9,,
강동구,길동,경지아리움(주상복합),2억 1500~3억 5000,124세대,총 1동,21.62㎡ ~ 41.43㎡,10,,
강동구,길동,골드빌4차(주상복합),-,19세대,총 1동,94.94㎡,4,,
강동구,길동,골드클래스(주상복합),8억,29세대,총 1동,74.55㎡ ~ 75.62㎡,정보 없음,,
강동구,길동,골든빌,6억 8000~7억 5000,19세대,총 1동,103.46㎡ ~ 214.78㎡,4,,
강동구,길동,광남(355-2),7억 5000,18세대,총 1동,89.64㎡ ~ 99.44㎡,3,,
강동구,길동,광남(380-18),6억 9000~7억,32세대,총 2동,80.31㎡ ~ 99.47㎡,6,,
강동구,길동,광남벨라스(주상복합),6억 9500~10억 2000,42세대,총 1동,82.96㎡ ~ 106.64㎡,5,,
강동구,길동,광남캐스빌(247),-,59세대,총 1동,102.48㎡ ~ 109.86㎡,10,,
강동구,길동,광남캐스빌(389-9주상복합),8억 8000,28세대,총 1동,71.43㎡ ~ 109.58㎡,8,,
강동구,길동,광남캐스빌(396-1),-,28세대,총 1동,59.12㎡ ~ 99.19㎡,4,,
강동구,길동,광남캐스빌610V,-,17세대,총 1동,53.77㎡ ~ 95.52㎡,6,,
강동구,길동,기풍트윈빌(도시형),-,29세대,총 2동,32.38㎡ ~ 68.52㎡,3,,
강동구,길동,길동다성이즈빌(도시형),-,15세대,총 1동,22.41㎡ ~ 37.11㎡,5,,
강동구,길동,길동대상,6억 9000~11억 9700,80세대,총 1동,79.76㎡ ~ 153.04㎡,6,,
강동구,길동,길동신동아4차,8억 3000~9억 5000,95세대,총 1동,41.01㎡ ~ 117.71㎡,3,,
강동구,길동,길동쎈스빌(주상복합),7억 5000~7억 8000,19세대,총 1동,99.17㎡ ~ 99.43㎡,5,,
강동구,길동,길동예전이룸1차,-,62세대,총 1동,65.24㎡ ~ 92.95㎡,8,,
강동구,길동,길동예전이룸2차,7억 2000,64세대,총 1동,63.01㎡ ~ 129.28㎡,9,,
강동구,길동,길동우성,7억~13억,811세대,총 6동,54.87㎡ ~ 108.45㎡,1,,
강동구,길동,길동이룸3차,8억 3000,38세대,총 1동,60.26㎡ ~ 107.46㎡,3,,
강동구,길동,길동청광플러스원큐브1차(도시형),1억 1000~1억 2000,112세대,총 1동,25.05㎡ ~ 25.63㎡,7,,
강동구,길동,길동하나플러스,8억 9000~9억 5000,68세대,총 1동,102.02㎡ ~ 103.2㎡,5,,
강동구,길동,노블레스,7억 1000,19세대,총 1동,97.1㎡ ~ 171.95㎡,3,,
강동구,길동,다성이즈빌(324-6),-,13세대,총 1동,97.66㎡,7,,
강동구,길동,다성이즈빌(348-4),10억 5000,28세대,총 1동,58.22㎡ ~ 128.04㎡,6,,
강동구,길동,다성이즈빌(357-7),-,18세대,총 1동,113.45㎡ ~ 171.12㎡,4,,
강동구,길동,다성이즈빌(371-9),-,47세대,총 1동,84.27㎡ ~ 103.45㎡,1,,
강동구,길동,다성이즈빌(387-2주상복합),-,28세대,총 1동,18.01㎡ ~ 28.7㎡,6,,
강동구,길동,다성이즈빌(387-4주상복합),1억 8500~3억,50세대,총 1동,18.78㎡ ~ 42.09㎡,6,,
강동구,길동,다성이즈빌(388-4주상복합),9억 1000,53세대,총 1동,84.2㎡ ~ 103.28㎡,7,,
강동구,길동,다성이즈빌(388-7주상복합),2억~3억 4000,55세대,총 1동,24.18㎡ ~ 53.9㎡,7,,
강동구,길동,다성이즈빌(416-17도시형),-,96세대,총 1동,17.92㎡ ~ 42.19㎡,7,,
강동구,길동,다성이즈빌(456-4주상복합),1억 9500~2억 9900,105세대,총 1동,20.88㎡ ~ 30.62㎡,11,,
강동구,길동,다성이즈빌(도시형),1억 3500~1억 5000,96세대,총 1동,26.07㎡ ~ 28.05㎡,5,,
강동구,길동,다성이즈텔(주상복합),7억 5000~8억 5000,23세대,총 1동,102.49㎡,6,,
강동구,길동,다성팰리스,6억 5000,19세대,총 1동,61.32㎡ ~ 88.97㎡,4,,
강동구,길동,다오아트빌,6억 5000,29세대,총 1동,92.07㎡,2,,
강동구,길동,도고하임(도시형),-,80세대,총 1동,29.76㎡ ~ 74.24㎡,11,,
강동구,길동,도림시티빌,10억 4000~10억 5000,42세대,총 1동,87.81㎡ ~ 169.53㎡,4,,
강동구,길동,동삼빌라트,7억 2000,47세대,총 1동,69.26㎡ ~ 95.33㎡,5,,
강동구,길동,동서울오네뜨,10억,71세대,총 1동,69.26㎡ ~ 176.95㎡,7,,
강동구,길동,동심훼밀리,7억 2000~7억 9000,19세대,총 1동,92.1㎡ ~ 96.18㎡,3,,
강동구,길동,드림하이츠(도시형),-,24세대,총 1동,44.56㎡ ~ 56.38㎡,8,,
강동구,길동,라온,-,19세대,총 1동,20.11㎡ ~ 24.74㎡,10,,
강동구,길동,라인,7억~10억,128세대,총 1동,85.79㎡ ~ 133.58㎡,4,,
강동구,길동,메트로아파텔(주상복합),-,22세대,총 1동,80.67㎡ ~ 93.31㎡,8,,
강동구,길동,문화,7억 8000,43세대,총 1동,76.71㎡ ~ 105.96㎡,3,,
강동구,길동,백천이스트하임(도시형),-,84세대,총 1동,26.12㎡ ~ 32.22㎡,5,,
강동구,길동,비바체하임(도시형),-,29세대,총 2동,32.96㎡ ~ 46.49㎡,4,,
강동구,길동,삼보프리빌(주상복합),6억,16세대,총 1동,95.93㎡ ~ 108.35㎡,4,,
강동구,길동,삼유스위트빌,-,19세대,총 1동,52.8㎡ ~ 126.14㎡,10,,
강동구,길동,삼익세라믹,9억 3000~10억 5000,83세대,총 1동,105.55㎡,6,,
강동구,길동,삼익파크맨숀,10억 5000~20억,1092세대,총 12동,59.73㎡ ~ 166.93㎡,6,,
강동구,길동,서한베네치아,-,18세대,총 1동,96.56㎡ ~ 128.03㎡,3,,
강동구,길동,신동아12차,10억~15억,972세대,총 11동,64.56㎡ ~ 111.51㎡,3,,
강동구,길동,신세대빌라트,-,19세대,총 1동,141.54㎡ ~ 302.45㎡,4,,
강동구,길동,신암(주상복합),-,12세대,총 1동,96.22㎡,1,,
강동구,길동,신암가온(주상복합),-,55세대,총 1동,74.39㎡,9,,
강동구,길동,아뜨리에빌,-,38세대,총 3동,59.54㎡ ~ 73.25㎡,2,,
강동구,길동,양촌,-,19세대,총 2동,82.59㎡ ~ 86.67㎡,3,,
강동구,길동,에스엠이로빌(358-1),7억 3000~9억 4000,19세대,총 1동,68.54㎡ ~ 128.11㎡,5,,
강동구,길동,에스엠이로빌(379),-,36세대,총 1동,57.56㎡ ~ 102.51㎡,6,,
강동구,길동,에이스빌(주상복합),10억,24세대,총 1동,125.7㎡ ~ 134.9㎡,2,,
강동구,길동,예건타워빌(주상복합),-,17세대,총 1동,43.66㎡ ~ 102.9㎡,4,,
강동구,길동,예다움,-,38세대,총 1동,75.58㎡ ~ 128.78㎡,10,,
강동구,길동,우림루미아트,9억 5000,78세대,총 1동,96.2㎡ ~ 104.58㎡,1,,
강동구,길동,우성(332),-,162세대,총 2동,91.39㎡ ~ 101.46㎡,7,,
강동구,길동,우성(382-6),5억,49세대,총 1동,65.09㎡ ~ 70.32㎡,4,,
강동구,길동,우성아트빌(주상복합),-,39세대,총 1동,82.02㎡ ~ 151.52㎡,5,,
강동구,길동,웅주아크로파크,-,19세대,총 1동,87.35㎡ ~ 146.72㎡,11,,
강동구,길동,유덕휴먼빌,-,38세대,총 1동,86.35㎡ ~ 121.45㎡,4,,
강동구,길동,율전에버그린,-,28세대,총 1동,28.31㎡ ~ 59.35㎡,6,,
강동구,길동,이스트드림힐(주상복합),7억 9000,28세대,총 1동,68.86㎡ ~ 100.45㎡,5,,
강동구,길동,장인이즈빌,9억~9억 8000,49세대,총 1동,83.55㎡ ~ 108.69㎡,6,,
강동구,길동,주풍그린빌,-,19세대,총 1동,152.51㎡ ~ 255.68㎡,9,,
강동구,길동,청광플러스원큐브2차(주상복합),1억 500~1억 1500,111세대,총 1동,25.86㎡,11,,
강동구,길동,청광플러스원큐브3차(도시형),1억 500~1억 1500,207세대,총 1동,22.35㎡ ~ 25.68㎡,9,,
강동구,길동,청원파크빌2차,8억 7000~9억 7000,46세대,총 1동,59.5㎡ ~ 104.11㎡,1,,
강동구,길동,청원파크빌3차,8억~8억 6000,28세대,총 1동,84.9㎡ ~ 109.44㎡,2,,
강동구,길동,탑건위너빌,-,19세대,총 1동,83.31㎡ ~ 119.38㎡,7,,
강동구,길동,태성,7억~8억,35세대,총 1동,78.87㎡ ~ 116.77㎡,1,,
강동구,길동,태솔,6억 4000~6억 5000,18세대,총 1동,76.48㎡ ~ 88.01㎡,10,,
강동구,길동,태천해오름18차,-,18세대,총 1동,79.76㎡ ~ 94.68㎡,2,,
강동구,길동,태흥,7억 2000,18세대,총 1동,82.01㎡ ~ 93.45㎡,4,,
강동구,길동,파크하임,-,18세대,총 1동,90.56㎡ ~ 101.99㎡,4,,
강동구,길동,하이브(주상복합),5억 7000~7억,73세대,총 1동,54.69㎡ ~ 121.19㎡,10,,
강동구,길동,하이존,7억 5000,19세대,총 1동,76.51㎡ ~ 99.69㎡,3,,
강동구,길동,한건,8억 5000,39세대,총 1동,91.98㎡ ~ 99.52㎡,7,,
강동구,길동,한미스카이캐슬(도시형),-,104세대,총 1동,19.21㎡ ~ 26.55㎡,9,,
강동구,길동,한빛(주상복합),4억 5000~10억 5000,317세대,총 3동,47.11㎡ ~ 114.47㎡,4,,
강동구,길동,한솔브리즈(주상복합),7억 9000,35세대,총 1동,100.9㎡ ~ 148.63㎡,6,,
강동구,길동,해맞이,-,24세대,총 2동,88.95㎡ ~ 95.9㎡,7,,
강동구,길동,현대,8억 8000~11억 5000,264세대,총 2동,81.8㎡ ~ 107.48㎡,5,,
강동구,길동,현대웰하임1단지(도시형),1억 2800~2억,128세대,총 1동,25.72㎡,6,,
강동구,길동,현대웰하임2단지(도시형),9300~1억 2000,139세대,총 1동,19.12㎡ ~ 27.03㎡,5,,
강동구,길동,형인허브빌,9억 5000,48세대,총 1동,105.92㎡ ~ 108.32㎡,3,,
강동구,길동,효성노바,8억 5000,12세대,총 1동,65.69㎡ ~ 96.25㎡,9,,
강동구,길동,희훈리치파크,8억 2000~9억 5000,102세대,총 1동,93.73㎡ ~ 105.93㎡,4,,
강동구,둔촌동,KNP(주상복합),-,19세대,총 1동,80.91㎡ ~ 187.72㎡,9,,
강동구,둔촌동,KNP로얄,-,19세대,총 1동,59.19㎡ ~ 97.53㎡,3,,
강동구,둔촌동,KnP이스트빌,-,49세대,총 1동,76.92㎡ ~ 105.42㎡,8,,
강동구,둔촌동,경방필,-,19세대,총 1동,93.27㎡ ~ 93.5㎡,4,,
강동구,둔촌동,광남,-,31세대,총 2동,84.75㎡ ~ 99.64㎡,5,,
강동구,둔촌동,광남캐스빌(435-7),8억 5000~14억,126세대,총 4동,79.95㎡ ~ 142.29㎡,11,,
강동구,둔촌동,그랜드,-,19세대,총 1동,102.01㎡ ~ 176.58㎡,4,,
강동구,둔촌동,금강트레조빌(도시형),3억 8000~7억,50세대,총 5동,45.55㎡ ~ 65.48㎡,10,,
강동구,둔촌동,노바,6억,12세대,총 1동,44.17㎡ ~ 84.11㎡,7,,
강동구,둔촌동,다원애버니아,7억 7000,19세대,총 1동,77.84㎡ ~ 125.91㎡,7,,
강동구,둔촌동,도원빌,7억,12세대,총 1동,61.74㎡ ~ 97.27㎡,8,,
강동구,둔촌동,동아(621),8억 8000~11억 8500,170세대,총 2동,85.44㎡ ~ 108.36㎡,5,,
강동구,둔촌동,동아(94-16),6억 1000,68세대,총 1동,62.03㎡ ~ 69.93㎡,1,,
강동구,둔촌동,동호리츠빌,6억 5000,47세대,총 1동,58.78㎡ ~ 107.14㎡,7,,
강동구,둔촌동,둔촌광남캐스빌(631),12억,31세대,총 1동,100.81㎡ ~ 100.83㎡,4,,
강동구,둔촌동,둔촌늘푸른,5억 5000,19세대,총 1동,69.22㎡ ~ 101.45㎡,9,,
강동구,둔촌동,둔촌신동아(파밀리에),10억~13억,357세대,총 3동,84.85㎡ ~ 129.25㎡,2,,
강동구,둔촌동,둔촌신성미소지움,9억~17억,460세대,총 2동,87.26㎡ ~ 145.85㎡,4,,
강동구,둔촌동,둔촌신성미소지움2차,10억~13억 7000,278세대,총 3동,84.42㎡ ~ 145.8㎡,4,,
강동구,둔촌동,둔촌암펠로스타워(주상복합),12억~12억 5000,32세대,총 1동,117.65㎡ ~ 267.37㎡,3,,
강동구,둔촌동,둔촌푸르지오,12억~18억 5000,800세대,총 10동,83.42㎡ ~ 138.93㎡,7,,
강동구,둔촌동,둔촌하이츠,9억 6000~14억 8000,232세대,총 1동,86.3㎡ ~ 149.48㎡,2,,
강동구,둔촌동,둔촌한솔솔파크,13억~14억 5000,132세대,총 2동,85.43㎡ ~ 127.37㎡,8,,
강동구,둔촌동,둔촌현대4차,10억~11억 7000,235세대,총 2동,73.79㎡ ~ 145.44㎡,2,,
강동구,둔촌동,둔촌후성누리움(실버주택),8억 3000,51세대,총 1동,101.98㎡ ~ 110.01㎡,5,,
강동구,둔촌동,라온스토리(도시형),-,10세대,총 1동,32.83㎡ ~ 39.77㎡,9,,
강동구,둔촌동,라이프,9억 7000,78세대,총 2동,89.43㎡ ~ 95.08㎡,4,,
강동구,둔촌동,미랜드퀸,14억~15억,21세대,총 2동,129.75㎡ ~ 166.37㎡,5,,
강동구,둔촌동,삼성아트빌(도시형),-,15세대,총 1동,31.28㎡ ~ 50㎡,5,,
강동구,둔촌동,삼익,-,66세대,총 4동,128.01㎡ ~ 138.2㎡,1,,
강동구,둔촌동,상상프리,-,19세대,총 1동,68.9㎡ ~ 101.63㎡,10,,
강동구,둔촌동,새얀빌(도시형),4억 5000~6억 1000,12세대,총 1동,35.52㎡ ~ 75.26㎡,8,,
강동구,둔촌동,성원,7억 8000~9억 5000,74세대,총 1동,76.69㎡ ~ 99.89㎡,8,,
강동구,둔촌동,세양청마루(주상복합),9억~12억 5000,84세대,총 1동,99.57㎡ ~ 128.89㎡,9,,
강동구,둔촌동,아인리베,7억 8000~10억,55세대,총 1동,102.89㎡ ~ 103.97㎡,8,,
강동구,둔촌동,오앤하우스(도시형),1억 5000~1억 6000,21세대,총 1동,23.96㎡ ~ 29.83㎡,11,,
강동구,둔촌동,율전에버그린,8억 2000,18세대,총 1동,94.7㎡ ~ 118.54㎡,7,,
강동구,둔촌동,주공고층3단지,20억~36억,1480세대,총 25동,77.02㎡ ~ 109.58㎡,정보 없음,,
강동구,둔촌동,주공고층4단지,20억~36억,2180세대,총 37동,77.7㎡ ~ 109.58㎡,정보 없음,,
강동구,둔촌동,주공저층1단지,20억~36억,1370세대,총 47동,25.42㎡ ~ 88.43㎡,정보 없음,,
강동구,둔촌동,주공저층2단지,20억~36억 5000,900세대,총 36동,50.84㎡ ~ 88.43㎡,정보 없음,,
강동구,둔촌동,주풍그린빌라트,12억~13억,18세대,총 1동,141.47㎡ ~ 198.81㎡,6,,
강동구,둔촌동,찬솔,7억 5000,27세대,총 1동,75.82㎡ ~ 103.22㎡,6,,
강동구,둔촌동,청원파크빌,-,61세대,총 1동,91.29㎡ ~ 134.96㎡,5,,
강동구,둔촌동,청호뜨레피움퍼스트,6억 3000~6억 5000,40세대,총 1동,72.21㎡ ~ 75.3㎡,11,,
강동구,둔촌동,태상아트빌,-,10세대,총 1동,57.57㎡ ~ 100.36㎡,7,,
강동구,둔촌동,태천해오름,-,18세대,총 1동,83.94㎡ ~ 103.57㎡,9,,
강동구,둔촌동,프라자,13억 6000~17억,354세대,총 4동,101.28㎡ ~ 129.31㎡,10,,
강동구,둔촌동,한솔파로스,-,13세대,총 1동,70.27㎡ ~ 115.23㎡,5,,
강동구,둔촌동,현대1차,13억 8000~16억,498세대,총 5동,103.35㎡,2,,
강동구,둔촌동,현대2차,12억 5000~13억 5000,196세대,총 2동,79.77㎡ ~ 107.14㎡,3,,
강동구,둔촌동,현대3차,11억~11억 3000,160세대,총 1동,72.21㎡ ~ 90.29㎡,3,,
강동구,둔촌동,현대수린나,-,34세대,총 1동,79.33㎡ ~ 99.85㎡,5,,
강동구,명일동,SM해그린,8억 2000~15억,48세대,총 1동,58.53㎡ ~ 169.53㎡,12,,
강동구,명일동,고덕(진로),15억,68세대,총 1동,163.95㎡,13,,
강동구,명일동,고덕삼환,-,120세대,총 1동,101.41㎡ ~ 142.56㎡,6,,
강동구,명일동,고덕주공9단지,14억~15억 5000,1320세대,총 14동,103.56㎡ ~ 108.82㎡,2,,
강동구,명일동,고덕현대,16억 2000~19억 5000,524세대,총 7동,105.26㎡ ~ 154.52㎡,3,,
강동구,명일동,다성시티1차,-,19세대,총 1동,51.12㎡ ~ 97.5㎡,13,,
강동구,명일동,다성이즈빌,7억 7000,26세대,총 2동,71.3㎡ ~ 96.52㎡,13,,
강동구,명일동,다성이즈빌명일4차,6억 9000,19세대,총 1동,72.68㎡ ~ 97.05㎡,12,,
강동구,명일동,동양타워(주상복합),10억,24세대,총 1동,99.58㎡ ~ 124.64㎡,13,,
강동구,명일동,동은,-,11세대,총 1동,63.4㎡ ~ 97.47㎡,11,,
강동구,명일동,동은그랜드,-,19세대,총 1동,68.05㎡ ~ 98.22㎡,12,,
강동구,명일동,래미안솔베뉴,12억 5000~25억,1900세대,총 13동,69.54㎡ ~ 148.39㎡,1,,
강동구,명일동,명가(도시형),-,10세대,총 1동,34.96㎡ ~ 70.25㎡,정보 없음,,
강동구,명일동,명일LG,8억 9000~12억,772세대,총 2동,81.18㎡ ~ 116.04㎡,8,,
강동구,명일동,명일다성시티2차,-,14세대,총 1동,76.37㎡ ~ 94.97㎡,12,,
강동구,명일동,명일다성이즈빌,7억 5000,33세대,총 1동,48.79㎡ ~ 99.98㎡,4,,
강동구,명일동,명일삼환,14억 7000~15억 8000,306세대,총 2동,106.28㎡ ~ 106.32㎡,10,,
강동구,명일동,명일현대,8억 5000~11억 5000,226세대,총 2동,80.13㎡ ~ 101.47㎡,3,,
강동구,명일동,삼보힐,-,10세대,총 1동,97.66㎡ ~ 148.61㎡,4,,
강동구,명일동,삼익그린11차,12억 5000~14억 3000,152세대,총 1동,94.49㎡ ~ 149.3㎡,1,,
강동구,명일동,삼익그린맨션2차,11억 9000~27억,2400세대,총 18동,59.93㎡ ~ 148.19㎡,1,,
강동구,명일동,삼익맨션(삼익가든),11억 5000~23억,768세대,총 10동,80.27㎡ ~ 176.38㎡,7,,
강동구,명일동,센트로빌(주상복합),7억,19세대,총 1동,75.54㎡ ~ 125.69㎡,3,,
강동구,명일동,신동아,17억 5000~19억 8000,570세대,총 7동,97.69㎡ ~ 146.39㎡,6,,
강동구,명일동,쎄비앙,-,7세대,총 1동,105.92㎡,2,,
강동구,명일동,아름누리,4억 6000~4억 8000,40세대,총 4동,37.81㎡ ~ 64.46㎡,9,,
강동구,명일동,우성(356),8억 9000~9억,77세대,총 3동,52.75㎡ ~ 105.3㎡,1,,
강동구,명일동,우성(42),15억 6000~20억,572세대,총 8동,103.8㎡ ~ 153.78㎡,8,,
강동구,명일동,원일타워(도시형),-,119세대,총 1동,31.98㎡ ~ 97.7㎡,정보 없음,,
강동구,명일동,은진빌(도시형),-,15세대,총 1동,21.02㎡ ~ 25.12㎡,4,,
강동구,명일동,중앙,9억 5000,47세대,총 1동,85.32㎡ ~ 105.12㎡,4,,
강동구,명일동,케이엔피(KNP),9억,19세대,총 1동,98.89㎡ ~ 99.99㎡,8,,
강동구,명일동,태천해오름(101동),8억,49세대,총 1동,85.21㎡ ~ 105.26㎡,13,,
강동구,명일동,태천해오름(102A),-,18세대,총 1동,54.34㎡ ~ 95.65㎡,14,,
강동구,명일동,태천해오름(102B),-,6세대,총 1동,118.86㎡,14,,
강동구,명일동,태천해오름(103),-,18세대,총 1동,73.84㎡ ~ 94.76㎡,14,,
강동구,명일동,한강훼미리(주상복합),7억,18세대,총 1동,93.56㎡ ~ 93.67㎡,11,,
강동구,명일동,한양,16억 3000~19억 5000,540세대,총 6동,102.13㎡ ~ 138.25㎡,3,,
강동구,명일동,해밀,-,19세대,총 1동,42.74㎡ ~ 80.61㎡,12,,
강동구,명일동,형인허브빌,10억~10억 8000,103세대,총 1동,101.92㎡ ~ 106.01㎡,12,,
강동구,상일동,e편한세상강일어반브릿지,-,593세대,총 6동,109.35㎡ ~ 134.33㎡,정보 없음,,
강동구,상일동,강동리엔파크14단지,-,943세대,총 9동,72.01㎡ ~ 86.66㎡,19,,
강동구,상일동,고덕롯데캐슬베네루체,12억 4000~28억,1859세대,총 20동,83.39㎡ ~ 152.38㎡,3,,
강동구,상일동,고덕리엔파크3단지,10억 5000~18억 5000,2283세대,총 41동,79.24㎡ ~ 150.23㎡,1,,
강동구,상일동,고덕센트럴아이파크,12억 7000~20억,1745세대,총 19동,82.26㎡ ~ 179.92㎡,1,,
강동구,상일동,고덕숲아이파크,12억 3000~19억,687세대,총 13동,84.78㎡ ~ 137.28㎡,7,,
강동구,상일동,고덕아르테스미소지움,13억 5000~17억 5000,100세대,총 3동,80.57㎡ ~ 112.2㎡,6,,
강동구,상일동,고덕아르테온,13억 7000~25억,4066세대,총 41동,80.86㎡ ~ 152.72㎡,1,,
강동구,상일동,고덕자이,13억 5000~20억,1824세대,총 19동,67.47㎡ ~ 146.48㎡,정보 없음,,
강동구,상일동,대림,20억~24억,108세대,총 10동,173.53㎡ ~ 262.51㎡,12,,
강동구,상일동,로고스하우스(도시형),-,10세대,총 1동,29.28㎡ ~ 47.04㎡,6,,
강동구,상일동,명일중앙하이츠,8억 7000~12억 5000,410세대,총 5동,72.93㎡ ~ 100.55㎡,9,,
강동구,상일동,삼성,16억~29억,132세대,총 11동,108.12㎡ ~ 235.47㎡,6,,
강동구,상일동,삼성그린,13억 8000~14억 5000,48세대,총 4동,134.94㎡ ~ 162.25㎡,15,,
강동구,상일동,상일동아,6억 7000~9억,186세대,총 1동,73.95㎡ ~ 106.02㎡,6,,
강동구,상일동,상일우성타운,-,105세대,총 9동,109.23㎡ ~ 213.92㎡,8,,
강동구,상일동,예인,-,7세대,총 1동,60.72㎡,7,,
강동구,상일동,현대,19억 9000~21억,84세대,총 8동,111.83㎡ ~ 148.64㎡,5,,
강동구,상일동,효성,15억,69세대,총 5동,104.84㎡ ~ 160.92㎡,10,,
강동구,성내동,CJ나인파크(주상복합),-,60세대,총 1동,104.3㎡ ~ 106.37㎡,13,,
강동구,성내동,SK허브진(주상복합),3억 8000~7억 5000,325세대,총 1동,40.18㎡ ~ 62.86㎡,11,,
강동구,성내동,SM엘루이(주상복합),-,104세대,총 1동,24.38㎡ ~ 46.08㎡,13,,
강동구,성내동,e편한세상3차,10억 3000,66세대,총 1동,84.39㎡ ~ 106.18㎡,11,,
강동구,성내동,갑지하이린,-,18세대,총 1동,114.48㎡ ~ 141.41㎡,11,,
강동구,성내동,강동네스빌,2억 1500,38세대,총 1동,33.64㎡ ~ 74.33㎡,10,,
강동구,성내동,강동다온채,8억~8억 3000,19세대,총 1동,86.85㎡ ~ 184.35㎡,8,,
강동구,성내동,건영아모리움(도시형),1억 3200~1억 5000,29세대,총 1동,18.51㎡ ~ 39.64㎡,15,,
강동구,성내동,경보그레이스힐,-,77세대,총 1동,73.66㎡ ~ 113.51㎡,13,,
강동구,성내동,광남밸라스타워,-,14세대,총 1동,173.75㎡ ~ 190.3㎡,11,,
강동구,성내동,광남캐스빌(435-7),10억~11억,28세대,총 1동,48.87㎡ ~ 101.29㎡,6,,
강동구,성내동,광남캐스빌(448-5),-,28세대,총 1동,75.27㎡ ~ 105.51㎡,8,,
강동구,성내동,광남캐스빌(510-1),-,19세대,총 1동,75.23㎡ ~ 88.15㎡,6,,
강동구,성내동,광남캐스빌1,-,17세대,총 1동,46.59㎡ ~ 72.94㎡,12,,
강동구,성내동,광남캐스빌3차,-,42세대,총 1동,66.95㎡ ~ 101.03㎡,7,,
강동구,성내동,금광포란재,12억~13억 5000,39세대,총 1동,66.64㎡ ~ 147.24㎡,11,,
강동구,성내동,노블레스트,-,18세대,총 1동,113.47㎡ ~ 124.79㎡,3,,
강동구,성내동,늘조은(주상복합),7억,28세대,총 1동,52.99㎡ ~ 87.48㎡,15,,
강동구,성내동,다성이즈빌(423-64),-,14세대,총 1동,68.93㎡ ~ 89.65㎡,5,,
강동구,성내동,다성이즈빌(434-13),4억 3000~7억,43세대,총 1동,33.01㎡ ~ 68.65㎡,4,,
강동구,성내동,다성이즈빌(551-4도시형),1억 9000~2억 9000,40세대,총 1동,31.57㎡ ~ 42.77㎡,5,,
강동구,성내동,대우파크빌(도시형),-,15세대,총 1동,17.59㎡ ~ 109.05㎡,0,,
강동구,성내동,대은팰리스뷰,-,12세대,총 1동,64.49㎡ ~ 84.17㎡,7,,
강동구,성내동,대주그린빌,10억,19세대,총 1동,61.17㎡ ~ 128.01㎡,5,,
강동구,성내동,더다온245(도시형),-,15세대,총 1동,34.84㎡ ~ 49.94㎡,16,,
강동구,성내동,더리빙플러스(도시형),-,28세대,총 1동,18.24㎡ ~ 25.27㎡,15,,
강동구,성내동,더존예가(A동B동),-,40세대,총 2동,20.75㎡ ~ 37.56㎡,10,,
강동구,성내동,더존예가(C동도시형),-,24세대,총 1동,18.29㎡ ~ 35.02㎡,11,,
강동구,성내동,동남,-,40세대,총 1동,90.54㎡ ~ 101.08㎡,10,,
강동구,성내동,동남2차,-,19세대,총 1동,77.12㎡ ~ 99.52㎡,9,,
강동구,성내동,동남드림빌(주상복합),-,35세대,총 1동,94.99㎡ ~ 104.52㎡,13,,
강동구,성내동,동방,-,55세대,총 1동,82.14㎡ ~ 134.53㎡,9,,
강동구,성내동,동아1차,12억,135세대,총 1동,76.31㎡ ~ 121.42㎡,6,,
강동구,성내동,동아2차,7억 6000~9억 2000,43세대,총 1동,72.9㎡ ~ 150.51㎡,7,,
강동구,성내동,동아3차(주상복합),-,8세대,총 1동,101.53㎡,7,,
강동구,성내동,동원,8억 5000~12억 2000,57세대,총 1동,80.62㎡ ~ 110.81㎡,8,,
강동구,성내동,동원2차,-,73세대,총 1동,79.8㎡ ~ 103.1㎡,8,,
강동구,성내동,동일,15억,19세대,총 1동,122.48㎡ ~ 217.1㎡,9,,
강동구,성내동,둔촌역아치스톤,-,66세대,총 1동,116.18㎡ ~ 117.9㎡,9,,
강동구,성내동,둔촌역청구,10억~12억 8000,222세대,총 2동,83.83㎡ ~ 108.91㎡,7,,
강동구,성내동,드림스빌,8억 5000,12세대,총 1동,76.08㎡ ~ 107.66㎡,6,,
강동구,성내동,디아람(도시형),-,19세대,총 1동,20.67㎡ ~ 41.06㎡,12,,
강동구,성내동,라움,-,16세대,총 1동,48.97㎡ ~ 95.59㎡,11,,
강동구,성내동,라움포레,10억 5000,71세대,총 1동,70.54㎡ ~ 74.3㎡,3,,
강동구,성내동,라이저강동(민간임대도시형),-,84세대,총 1동,25.23㎡ ~ 33㎡,15,,
강동구,성내동,로얄,-,19세대,총 1동,60.3㎡ ~ 83.54㎡,6,,
강동구,성내동,마루지움12번가(도시형),-,16세대,총 1동,18.99㎡ ~ 44.94㎡,12,,
강동구,성내동,메이저,-,41세대,총 1동,60.12㎡ ~ 103.24㎡,10,,
강동구,성내동,몽촌토성,-,18세대,총 1동,91.3㎡ ~ 144.93㎡,10,,
강동구,성내동,미랜드프레임빌,12억,19세대,총 1동,101.76㎡ ~ 140.44㎡,4,,
강동구,성내동,백룡도원,-,41세대,총 1동,84.03㎡ ~ 181.16㎡,9,,
강동구,성내동,베네스트빌리지,-,12세대,총 1동,60.74㎡ ~ 83.8㎡,15,,
강동구,성내동,비바체,-,18세대,총 1동,19.74㎡ ~ 41.99㎡,9,,
강동구,성내동,비앤비,14억,38세대,총 2동,62.38㎡ ~ 111.2㎡,12,,
강동구,성내동,삼성아트빌(도시형),-,10세대,총 1동,29.07㎡ ~ 68.19㎡,9,,
강동구,성내동,삼성파크타워,-,19세대,총 1동,260.6㎡ ~ 261.52㎡,10,,
강동구,성내동,삼진,12억,19세대,총 1동,109.66㎡ ~ 199.67㎡,6,,
강동구,성내동,새한올림픽,8억,49세대,총 1동,97.02㎡ ~ 208.06㎡,9,,
강동구,성내동,샤인빌,8억 5000,25세대,총 2동,73.58㎡ ~ 111.32㎡,12,,
강동구,성내동,선광,7억 9500~11억,82세대,총 1동,69.18㎡ ~ 113.42㎡,10,,
강동구,성내동,성내e-편한세상1차,12억~15억,203세대,총 3동,96.41㎡ ~ 144.61㎡,9,,
강동구,성내동,성내e-편한세상2차,12억 5000~14억,151세대,총 2동,105.89㎡ ~ 147.82㎡,8,,
강동구,성내동,성내대성,-,67세대,총 1동,75.54㎡ ~ 115.45㎡,12,,
강동구,성내동,성내마이플레이스(도시형),2억 2000,19세대,총 1동,21.48㎡ ~ 67.32㎡,11,,
강동구,성내동,성내삼성,9억 7000~18억,1220세대,총 10동,85.31㎡ ~ 142.85㎡,3,,
강동구,성내동,성내스테이,7억~7억 2000,26세대,총 1동,57.34㎡ ~ 57.98㎡,7,,
강동구,성내동,성내아우라1,-,15세대,총 1동,45.1㎡ ~ 97.16㎡,5,,
강동구,성내동,성내아우라2,-,14세대,총 1동,92.41㎡ ~ 95.72㎡,6,,
강동구,성내동,성내올림픽파크한양수자인,13억 7000~21억,482세대,총 5동,83㎡ ~ 141㎡,2,,
강동구,성내동,성내웰빙시티,7억 5000,22세대,총 1동,55.18㎡ ~ 86.63㎡,5,,
강동구,성내동,성내파라디아,12억 5000~13억 4000,60세대,총 1동,109.91㎡ ~ 148.54㎡,1,,
강동구,성내동,성안마을청구,9억 5000~13억 5000,349세대,총 2동,52.83㎡ ~ 108.1㎡,2,,
강동구,성내동,세명,-,29세대,총 1동,37.63㎡ ~ 69.02㎡,9,,
강동구,성내동,센츄럴,-,35세대,총 2동,60.01㎡ ~ 93.34㎡,9,,
강동구,성내동,스위트빌,8억 3000,19세대,총 1동,93.28㎡ ~ 119.5㎡,6,,
강동구,성내동,신성,6억 7000~6억 8000,15세대,총 1동,63.55㎡ ~ 107.43㎡,6,,
강동구,성내동,신이모닝빌,-,46세대,총 1동,76.85㎡ ~ 106.18㎡,8,,
강동구,성내동,신일유토빌,9억 5000,65세대,총 1동,72.31㎡ ~ 108.34㎡,13,,
강동구,성내동,신주,12억,19세대,총 1동,96.66㎡ ~ 175.72㎡,1,,
강동구,성내동,신호파크뷰,-,18세대,총 1동,217.37㎡,8,,
강동구,성내동,아름채2(도시형),-,18세대,총 1동,23.87㎡ ~ 51.51㎡,12,,
강동구,성내동,아성플러스(주상복합),-,6세대,총 1동,46.21㎡,16,,
강동구,성내동,아이퍼스트빌(주상복합),1억 6000,96세대,총 1동,24.43㎡,14,,
강동구,성내동,에스아이팰리스센트럴성내(도시형),-,82세대,총 1동,31.01㎡ ~ 44.04㎡,9,,
강동구,성내동,엘아이지건영리가(주상복합),9억 5000~12억,46세대,총 1동,102.53㎡ ~ 140.81㎡,16,,
강동구,성내동,영진쉐르빌(도시형),-,18세대,총 2동,21.03㎡ ~ 63.42㎡,3,,
강동구,성내동,영진파크빌,9억,17세대,총 1동,80.73㎡ ~ 97.81㎡,10,,
강동구,성내동,영풍마드레빌,8억 5000~12억,132세대,총 1동,74.05㎡ ~ 99.18㎡,8,,
강동구,성내동,오륜하이츠,9억 5000,12세대,총 1동,51.17㎡ ~ 152.28㎡,12,,
강동구,성내동,올림픽파크플러스,-,19세대,총 1동,150.82㎡ ~ 173.35㎡,11,,
강동구,성내동,올림픽파크힐,8억 5000,18세대,총 1동,97.61㎡ ~ 97.95㎡,7,,
강동구,성내동,용명브릿지,-,33세대,총 1동,85.4㎡ ~ 138.42㎡,13,,
강동구,성내동,우림루미아트,-,69세대,총 1동,80.14㎡ ~ 182.94㎡,13,,
강동구,성내동,우성,-,57세대,총 4동,46.33㎡ ~ 106.96㎡,11,,
강동구,성내동,운암화인빌(101동),-,19세대,총 1동,84.37㎡ ~ 168.98㎡,8,,
강동구,성내동,운암화인빌(102동),-,13세대,총 1동,55.87㎡ ~ 67.27㎡,8,,
강동구,성내동,원다빌2,7억~8억 5000,60세대,총 1동,85.59㎡ ~ 105.81㎡,9,,
강동구,성내동,이안강동(주상복합),9억,64세대,총 1동,83.19㎡ ~ 110.94㎡,12,,
강동구,성내동,인택스파크뷰,-,18세대,총 1동,163.15㎡,11,,
강동구,성내동,일심,8억,28세대,총 1동,57.35㎡ ~ 103.14㎡,11,,
강동구,성내동,제일축산,-,27세대,총 1동,38㎡ ~ 75.95㎡,12,,
강동구,성내동,중명,-,49세대,총 1동,55.57㎡ ~ 111.9㎡,6,,
강동구,성내동,중앙(주상복합),-,19세대,총 1동,177.72㎡,5,,
강동구,성내동,중앙하이츠,8억 5000,87세대,총 1동,84.01㎡ ~ 118.94㎡,9,,
강동구,성내동,집앤사베니,-,26세대,총 1동,67.31㎡,2,,
강동구,성내동,집앤사비디(도시형),2억 6000~5억 8000,50세대,총 1동,23.6㎡ ~ 48.96㎡,2,,
강동구,성내동,집앤사비카(도시형),-,52세대,총 1동,22.82㎡ ~ 43.57㎡,8,,
강동구,성내동,집앤사비키,8억 5000,21세대,총 1동,54.77㎡ ~ 118.03㎡,2,,
강동구,성내동,천호역아름채2(도시형),-,20세대,총 1동,25.07㎡ ~ 36.76㎡,13,,
강동구,성내동,청구빌라트,-,16세대,총 1동,274.56㎡ ~ 290.29㎡,9,,
강동구,성내동,청일베르네(주상복합),-,19세대,총 1동,103.43㎡ ~ 103.51㎡,5,,
강동구,성내동,코랜드빌리지,-,18세대,총 1동,70.61㎡ ~ 100.57㎡,6,,
강동구,성내동,코오롱1차,9억 5000~11억 8000,257세대,총 2동,89.31㎡ ~ 143.53㎡,10,,
강동구,성내동,코오롱2차,10억 5000~11억 5000,78세대,총 1동,111.75㎡ ~ 140.15㎡,2,,
강동구,성내동,타운빌라트,-,14세대,총 1동,98.58㎡ ~ 99.64㎡,7,,
강동구,성내동,탑건위너빌,6억,10세대,총 1동,71.75㎡ ~ 72.34㎡,9,,
강동구,성내동,태천,-,24세대,총 1동,83.12㎡ ~ 127.42㎡,6,,
강동구,성내동,태천해오름(412-1),-,29세대,총 1동,72.23㎡ ~ 103.72㎡,9,,
강동구,성내동,태천해오름(422),-,44세대,총 1동,80.53㎡ ~ 101.59㎡,5,,
강동구,성내동,태천해오름(427-74),-,10세대,총 1동,79.3㎡ ~ 118.15㎡,10,,
강동구,성내동,트리안(도시형),-,22세대,총 1동,21.36㎡ ~ 44.52㎡,12,,
강동구,성내동,파크뷰진도,-,18세대,총 1동,249.94㎡ ~ 354.14㎡,8,,
강동구,성내동,파크뷰캐슬,-,19세대,총 1동,167.86㎡,9,,
강동구,성내동,파크프라자(주상복합),9억 5000~11억 5000,87세대,총 1동,67.33㎡ ~ 179.21㎡,11,,
강동구,성내동,포레스(주상복합),8억 5000~9억 2000,56세대,총 3동,84.5㎡ ~ 173.08㎡,2,,
강동구,성내동,하나플러스,7억,36세대,총 1동,62.09㎡ ~ 109.65㎡,정보 없음,,
강동구,성내동,하나플러스2,11억~12억,90세대,총 3동,104.18㎡ ~ 104.53㎡,8,,
강동구,성내동,한강훼미리(주상복합),-,18세대,총 1동,81.41㎡ ~ 95.84㎡,8,,
강동구,성내동,한독,10억 5000~10억 7000,18세대,총 1동,106.72㎡ ~ 137.55㎡,5,,
강동구,성내동,한솔브리즈(199-4),-,18세대,총 1동,105.89㎡,12,,
강동구,성내동,한솔브리즈(594),11억,73세대,총 1동,78.6㎡ ~ 128.61㎡,8,,
강동구,성내동,한솔애리즈,-,49세대,총 1동,100.23㎡ ~ 199.86㎡,8,,
강동구,성내동,한솔애리즈2차,8억 8000~10억 5000,61세대,총 2동,73.81㎡ ~ 123.85㎡,9,,
강동구,성내동,한솔애리즈5차,8억~11억 8000,32세대,총 1동,85.39㎡ ~ 116.51㎡,9,,
강동구,성내동,한솔애리즈6차(주상복합),-,18세대,총 1동,88.07㎡ ~ 103.16㎡,14,,
강동구,성내동,한솔애리즈8차,8억 3000~8억 5000,39세대,총 2동,87.54㎡ ~ 106.66㎡,10,,
강동구,성내동,한솔에리즈3차,-,18세대,총 1동,67.92㎡ ~ 106.67㎡,5,,
강동구,성내동,한양립스(도시형),1억 3000,54세대,총 1동,18.65㎡,16,,
강동구,성내동,해가든(387-48),-,18세대,총 1동,85.86㎡ ~ 144.63㎡,12,,
강동구,성내동,해가든(454-1),-,19세대,총 1동,85.64㎡ ~ 161.2㎡,6,,
강동구,성내동,해인하우스(주상복합),-,20세대,총 1동,21.45㎡ ~ 32.86㎡,11,,
강동구,성내동,행복빌(도시형),-,23세대,총 1동,18.88㎡ ~ 70.71㎡,10,,
강동구,성내동,현대(30-2),10억 5000~13억,277세대,총 2동,73.7㎡ ~ 110.24㎡,9,,
강동구,성내동,현대(383-11주상복합),-,14세대,총 1동,95.89㎡ ~ 130.42㎡,10,,
강동구,성내동,현대제이드(주상복합),-,19세대,총 1동,290.07㎡ ~ 297.09㎡,11,,
강동구,성내동,현대코랄,-,19세대,총 1동,274.23㎡ ~ 275.19㎡,8,,
강동구,성내동,현대토파즈,-,14세대,총 1동,219.08㎡ ~ 286.45㎡,7,,
강동구,성내동,현대파크빌,-,8세대,총 1동,39.3㎡ ~ 42.29㎡,12,,
강동구,성내동,호암아펙스,-,25세대,총 1동,106.21㎡ ~ 109.5㎡,7,,
강동구,성내동,화영(도시형),-,28세대,총 2동,32.85㎡ ~ 59.23㎡,11,,
강동구,성내동,화영하우스7차(도시형),-,10세대,총 1동,27.93㎡,17,,
강동구,성내동,힐데스하임올림픽파크,-,89세대,총 2동,75.32㎡ ~ 99.23㎡,13,,
강동구,성내동,힐스테이트천호역젠트리스(주상복합),-,160세대,총 1동,120.21㎡ ~ 122.65㎡,10,,
강동구,암사동,SM해그린,-,45세대,총 1동,91.63㎡ ~ 115.97㎡,10,,
강동구,암사동,강동롯데캐슬퍼스트,12억 1000~30억,3226세대,총 40동,87.41㎡ ~ 198.51㎡,2,,
강동구,암사동,강동현대홈타운,12억 2000~16억,568세대,총 9동,84.09㎡ ~ 141.8㎡,11,,
강동구,암사동,경지리버캐슬,-,19세대,총 1동,152.7㎡ ~ 287.93㎡,2,,
강동구,암사동,금정우리가,4억 5000~7억,78세대,총 1동,47.92㎡ ~ 129.68㎡,8,,
강동구,암사동,까사806(도시형),-,20세대,총 1동,32.91㎡,6,,
강동구,암사동,다성리버빌,-,23세대,총 1동,104.68㎡ ~ 111.49㎡,2,,
강동구,암사동,다성이즈빌(459-1),7억 5000~8억 3000,33세대,총 1동,39.19㎡ ~ 75.74㎡,6,,
강동구,암사동,다성이즈빌(488-10),-,24세대,총 1동,98.78㎡ ~ 125.75㎡,4,,
강동구,암사동,다성이즈빌(488-3),7억 9000~8억 2000,26세대,총 2동,51.51㎡ ~ 101㎡,4,,
강동구,암사동,대명,7억 2000~10억 6000,80세대,총 2동,65.58㎡ ~ 89.27㎡,11,,
강동구,암사동,대송,-,18세대,총 1동,82.22㎡ ~ 83.42㎡,3,,
강동구,암사동,대원,8억 2000~9억,114세대,총 1동,108.34㎡ ~ 153.52㎡,4,,
강동구,암사동,대은팰리스뷰,-,38세대,총 2동,96.18㎡,7,,
강동구,암사동,대의아름누리,-,12세대,총 1동,66.72㎡ ~ 99.44㎡,1,,
강동구,암사동,동원베네스트,9억~9억 8000,106세대,총 1동,90.69㎡ ~ 106.22㎡,6,,
강동구,암사동,동진,7억 7000~8억,32세대,총 1동,86.48㎡ ~ 136.37㎡,6,,
강동구,암사동,드림하우스(도시형),-,11세대,총 1동,20.14㎡ ~ 88.46㎡,10,,
강동구,암사동,디에이치엔드영(도시형),-,20세대,총 1동,21.31㎡ ~ 33.36㎡,12,,
강동구,암사동,라움A동,-,12세대,총 1동,41.93㎡ ~ 77.71㎡,8,,
강동구,암사동,라움B동,7억 8000,11세대,총 1동,77.97㎡,7,,
강동구,암사동,라인,8억 1000~9억 7000,107세대,총 1동,88.47㎡ ~ 109.94㎡,4,,
강동구,암사동,로뎀하우스(도시형),-,19세대,총 1동,17.4㎡ ~ 29.82㎡,7,,
강동구,암사동,마일스톤(민간임대도시형),-,23세대,총 1동,19.71㎡ ~ 46.38㎡,4,,
강동구,암사동,메이저,7억 5000~7억 8000,44세대,총 1동,68.15㎡ ~ 103.96㎡,8,,
강동구,암사동,삼성광나루,11억~19억 5000,490세대,총 4동,77.33㎡ ~ 203.7㎡,3,,
강동구,암사동,삼화그린,-,12세대,총 1동,109.07㎡,10,,
강동구,암사동,새롬,-,12세대,총 1동,51.1㎡ ~ 79.24㎡,9,,
강동구,암사동,샬롬하우스(도시형),-,18세대,총 1동,20.95㎡,9,,
강동구,암사동,선사현대,10억 1000~20억,2938세대,총 16동,80.29㎡ ~ 141.3㎡,6,,
강동구,암사동,성우스타팰리스(도시형),-,29세대,총 2동,35.59㎡ ~ 49.76㎡,정보 없음,,
강동구,암사동,신동아빌라트,12억,18세대,총 1동,176.29㎡ ~ 176.3㎡,11,,
강동구,암사동,신주리버빌(도시형),-,15세대,총 1동,36.62㎡ ~ 48.22㎡,12,,
강동구,암사동,아키스(주상복합),-,12세대,총 1동,92.38㎡ ~ 93.94㎡,5,,
강동구,암사동,암사e-편한세상,10억 3000~10억 5000,131세대,총 2동,106.07㎡ ~ 106.33㎡,5,,
강동구,암사동,암사동양덱스빌(주상복합),8억,39세대,총 1동,80.57㎡ ~ 162.81㎡,9,,
강동구,암사동,암사한솔,11억~13억 6000,203세대,총 4동,105.96㎡ ~ 147.58㎡,2,,
강동구,암사동,양지벨로스,7억,15세대,총 1동,72.03㎡ ~ 95.15㎡,11,,
강동구,암사동,에벤에셀나래하우스,-,22세대,총 1동,17.44㎡ ~ 32.11㎡,3,,
강동구,암사동,영상,6억 8000~7억 5000,19세대,총 2동,95.83㎡ ~ 148.68㎡,13,,
강동구,암사동,영진해가든,-,25세대,총 2동,68.13㎡ ~ 151.05㎡,7,,
강동구,암사동,우암쎈스뷰,8억 5000,37세대,총 1동,77.2㎡ ~ 98.58㎡,5,,
강동구,암사동,웰빙타워(주상복합),-,21세대,총 1동,20.79㎡ ~ 41.52㎡,3,,
강동구,암사동,유진,-,11세대,총 1동,66.49㎡ ~ 114.94㎡,5,,
강동구,암사동,정산(101동),-,19세대,총 1동,101.32㎡ ~ 208.03㎡,4,,
강동구,암사동,정산(102103동),8억 9500~9억 5000,60세대,총 2동,63.54㎡ ~ 149.53㎡,3,,
강동구,암사동,제이빌더스(도시형),5억 5000,106세대,총 7동,29.44㎡ ~ 64.84㎡,10,,
강동구,암사동,주은,-,12세대,총 1동,72.32㎡ ~ 73.86㎡,12,,
강동구,암사동,중앙하이츠,7억 8500~10억,126세대,총 1동,70.71㎡ ~ 139.38㎡,9,,
강동구,암사동,평대정원,-,14세대,총 1동,88.02㎡,10,,
강동구,암사동,풍천,8억,6세대,총 1동,106.83㎡ ~ 109.86㎡,3,,
강동구,암사동,프라이어팰리스,11억 5000~18억 8000,1622세대,총 22동,79.65㎡ ~ 142.75㎡,1,,
강동구,암사동,한강리치팰리스,11억 4000,17세대,총 1동,93.23㎡ ~ 146.94㎡,1,,
강동구,암사동,한강포스파크,11억 6000~13억,134세대,총 1동,80.58㎡ ~ 139.59㎡,14,,
강동구,암사동,한강현대,9억 7000~16억,417세대,총 3동,78.7㎡ ~ 151.01㎡,4,,
강동구,암사동,한건브리앙,-,34세대,총 1동,65.02㎡ ~ 107.64㎡,10,,
강동구,암사동,한건새봄,8억 9000~10억,34세대,총 1동,91.79㎡ ~ 109.2㎡,6,,
강동구,암사동,한솔솔파크더리버,13억 5000~15억,127세대,총 3동,105.82㎡ ~ 106.32㎡,1,,
강동구,암사동,한양그린,13억 9000~15억 5000,19세대,총 1동,171.9㎡ ~ 237.01㎡,11,,
강동구,암사동,현진빌리지(469-26도시형),-,16세대,총 2동,42.06㎡ ~ 62.54㎡,12,,
강동구,암사동,현진빌리지(513-43도시형),-,8세대,총 1동,29.24㎡ ~ 51.47㎡,4,,
강동구,암사동,효정하나플러스,8억 2000,60세대,총 1동,100.02㎡ ~ 103.1㎡,9,,
강동구,암사동,힐스테이트강동리버뷰,13억~25억,460세대,총 5동,79.9㎡ ~ 113.96㎡,3,,
강동구,천호동,CJ(도시형),-,24세대,총 1동,20.11㎡ ~ 21.52㎡,8,,
강동구,천호동,DYD(도시형),-,20세대,총 1동,29.11㎡ ~ 37.75㎡,10,,
강동구,천호동,S.I팰리스(163-15주상복합),-,21세대,총 1동,28.1㎡ ~ 39.45㎡,8,,
강동구,천호동,SI팰리스(167-73),-,29세대,총 1동,18.78㎡ ~ 38.39㎡,9,,
강동구,천호동,sm이로빌,7억 5000,19세대,총 1동,78.53㎡ ~ 99.95㎡,3,,
강동구,천호동,가원(도시형),-,14세대,총 1동,31.03㎡ ~ 43.35㎡,12,,
강동구,천호동,강동밀레니얼중흥S-클래스(주상복합),-,999세대,총 4동,42.03㎡ ~ 190.61㎡,3,,
강동구,천호동,강동상떼빌(주상복합),12억 5000~13억 5000,110세대,총 1동,118.78㎡ ~ 151.59㎡,16,,
강동구,천호동,강동역두산위브센티움(주상복합),3억~8억 6000,140세대,총 1동,35.59㎡ ~ 88.83㎡,7,,
강동구,천호동,강동역신동아파밀리에(주상복합),13억 9000~17억,230세대,총 2동,126.59㎡ ~ 144.3㎡,11,,
강동구,천호동,강동이루미,9억,74세대,총 2동,62.68㎡ ~ 105.27㎡,11,,
강동구,천호동,강동파크빌,-,9세대,총 1동,72.33㎡ ~ 77.08㎡,12,,
강동구,천호동,강변그대가갤럭시,13억 5000~17억 5000,134세대,총 3동,110.72㎡ ~ 155.03㎡,7,,
강동구,천호동,강변그대가리버뷰,12억 5000~16억 5000,225세대,총 5동,111.45㎡ ~ 122.26㎡,4,,
강동구,천호동,고려,4억 9000,67세대,총 4동,54.47㎡ ~ 164.98㎡,13,,
강동구,천호동,골드하임,7억 5000,23세대,총 2동,70.44㎡ ~ 98.06㎡,3,,
강동구,천호동,광나루에스엠파크(도시형),-,20세대,총 1동,20.83㎡ ~ 35.95㎡,정보 없음,,
강동구,천호동,광남벨라스2차,7억 5500~9억,38세대,총 2동,96.05㎡ ~ 142.17㎡,5,,
강동구,천호동,광남벨라스643V(A),7억 7000~9억,19세대,총 1동,66.68㎡ ~ 140.49㎡,13,,
강동구,천호동,광남벨라스643V(B),8억 5000,19세대,총 1동,93.99㎡ ~ 140.33㎡,13,,
강동구,천호동,광남캐스빌,-,32세대,총 1동,88.44㎡ ~ 99.46㎡,5,,
강동구,천호동,그랑시아(도시형),-,16세대,총 1동,32.87㎡ ~ 61.61㎡,4,,
강동구,천호동,그랜드,-,18세대,총 1동,61.45㎡ ~ 98.45㎡,10,,
강동구,천호동,그린파크빌(도시형),-,14세대,총 1동,31.44㎡ ~ 58.51㎡,5,,
강동구,천호동,금성타운,-,19세대,총 1동,42.17㎡ ~ 100.53㎡,12,,
강동구,천호동,금호,3억 9000~4억 5000,232세대,총 1동,37.42㎡,12,,
강동구,천호동,기화빌리지(민간임대도시형),-,18세대,총 1동,23.29㎡ ~ 36.69㎡,6,,
강동구,천호동,늘푸른,-,19세대,총 1동,64.58㎡ ~ 141.69㎡,5,,
강동구,천호동,다성시티(358-4),9억 5000~12억,49세대,총 1동,96.12㎡ ~ 168.61㎡,8,,
강동구,천호동,다성씨티(340-6),6억 5000,19세대,총 1동,80.75㎡ ~ 92.37㎡,13,,
강동구,천호동,다성씨티(53-9),7억~7억 6000,31세대,총 1동,97.85㎡ ~ 103.01㎡,4,,
강동구,천호동,다성이즈빌(121-32),7억 8000,27세대,총 1동,39.49㎡ ~ 84.92㎡,2,,
강동구,천호동,다성이즈빌(163-5도시형),-,20세대,총 1동,21.53㎡ ~ 31.87㎡,11,,
강동구,천호동,다성이즈빌(166-59도시형),-,20세대,총 1동,20.54㎡ ~ 34.14㎡,9,,
강동구,천호동,다성이즈빌(166-76도시형),-,20세대,총 1동,21.49㎡ ~ 46.1㎡,10,,
강동구,천호동,다성이즈빌(166-94도시형),-,20세대,총 1동,23.49㎡ ~ 34.21㎡,11,,
강동구,천호동,다성이즈빌(167-100도시형),-,20세대,총 1동,21.45㎡ ~ 24.95㎡,10,,
강동구,천호동,다성이즈빌(167-102도시형),-,20세대,총 1동,18.82㎡ ~ 28.08㎡,9,,
강동구,천호동,다성이즈빌(167-153도시형),-,20세대,총 1동,24.3㎡ ~ 24.87㎡,9,,
강동구,천호동,다성이즈빌(167-17주상복합),-,20세대,총 1동,24.26㎡ ~ 33.11㎡,7,,
강동구,천호동,다성이즈빌(167-2도시형),1억 6200~2억 2000,20세대,총 1동,19.02㎡ ~ 37.75㎡,10,,
강동구,천호동,다성이즈빌(167-57도시형),2억 6000~3억,20세대,총 1동,21.79㎡ ~ 25.38㎡,정보 없음,,
강동구,천호동,다성이즈빌(167-97주상복합),3억 2000,20세대,총 1동,20.29㎡ ~ 31.73㎡,9,,
강동구,천호동,다성이즈빌(169-6도시형),2억 4500,20세대,총 1동,19.3㎡ ~ 30.73㎡,8,,
강동구,천호동,다성이즈빌(169-9도시형),1억 5000~2억 4000,20세대,총 1동,19.62㎡ ~ 29.62㎡,7,,
강동구,천호동,다성이즈빌(320),7억 5000~8억 5000,96세대,총 1동,58.2㎡ ~ 71.75㎡,2,,
강동구,천호동,다성이즈빌(437-22),-,18세대,총 1동,76.7㎡ ~ 135.92㎡,9,,
강동구,천호동,다성이즈빌(50-11),-,18세대,총 1동,50.37㎡ ~ 97.77㎡,13,,
강동구,천호동,다성이즈빌(55-20도시형),-,20세대,총 1동,21.99㎡ ~ 36.44㎡,3,,
강동구,천호동,다성이즈빌(55-25),7억 5000~10억,49세대,총 1동,84.96㎡ ~ 131.25㎡,4,,
강동구,천호동,다성이즈빌(도시형),-,25세대,총 1동,17.72㎡ ~ 29.82㎡,11,,
강동구,천호동,다성이즈빌(도시형),-,10세대,총 1동,39.87㎡ ~ 51.83㎡,8,,
강동구,천호동,대명사이버,6억 7000~8억 5000,100세대,총 1동,88.32㎡ ~ 122.93㎡,10,,
강동구,천호동,대명에버빌,-,18세대,총 1동,105.15㎡ ~ 130.75㎡,5,,
강동구,천호동,대우한강베네시티(주상복합),12억 5000~19억,205세대,총 2동,151.88㎡ ~ 218㎡,13,,
강동구,천호동,더결블레스(주상복합),-,20세대,총 1동,14.95㎡ ~ 27.46㎡,정보 없음,,
강동구,천호동,더존예가(167-120도시형),-,20세대,총 1동,32.02㎡ ~ 32.91㎡,9,,
강동구,천호동,더존캐슬(도시형),-,20세대,총 1동,18.77㎡ ~ 25.17㎡,10,,
강동구,천호동,동구햇살,10억 3000,63세대,총 1동,104.59㎡ ~ 114.21㎡,12,,
강동구,천호동,동신아트빌(도시형),-,13세대,총 1동,25.99㎡ ~ 66.13㎡,6,,
강동구,천호동,동아코아(주상복합),7억 7000~12억,191세대,총 1동,50.66㎡ ~ 174.5㎡,10,,
강동구,천호동,동아하이빌,8억 1000~12억,526세대,총 5동,78.29㎡ ~ 150.07㎡,3,,
강동구,천호동,동인씨엘로(도시형),-,20세대,총 1동,23.94㎡ ~ 36.2㎡,5,,
강동구,천호동,두산위브센티움(주상복합),1억 5500~2억 2000,156세대,총 1동,40.92㎡ ~ 72.81㎡,11,,
강동구,천호동,드림하우스(주상복합),1억 9800,24세대,총 1동,21.29㎡ ~ 24.75㎡,13,,
강동구,천호동,래미안강동팰리스(주상복합),14억~18억,999세대,총 3동,85.3㎡ ~ 220.25㎡,10,,
강동구,천호동,로뎀,8억 8000,18세대,총 1동,100.62㎡ ~ 149.83㎡,5,,
강동구,천호동,루체167(주상복합),-,20세대,총 1동,27.82㎡ ~ 61.16㎡,9,,
강동구,천호동,리버하임,-,18세대,총 1동,91.3㎡ ~ 103.18㎡,17,,
강동구,천호동,마루지움에비뉴(도시형),-,20세대,총 1동,21.53㎡ ~ 39.96㎡,14,,
강동구,천호동,미사아름채(도시형),2억 3600~2억 9000,130세대,총 1동,21.01㎡ ~ 23.07㎡,12,,
강동구,천호동,미사아름채(주상복합),-,1세대,총 1동,44.82㎡,12,,
강동구,천호동,베네캐슬,-,16세대,총 1동,74.93㎡ ~ 96.38㎡,4,,
강동구,천호동,베스트빌,-,18세대,총 1동,99.48㎡ ~ 139.56㎡,7,,
강동구,천호동,보람,-,25세대,총 1동,84.85㎡ ~ 107.06㎡,6,,
강동구,천호동,부강,-,18세대,총 1동,75.12㎡ ~ 95.37㎡,4,,
강동구,천호동,삼익,8억 5000~11억,150세대,총 1동,86.97㎡ ~ 151.1㎡,6,,
강동구,천호동,새롬트윈스,-,24세대,총 2동,85.17㎡ ~ 105.26㎡,7,,
강동구,천호동,샤인트리움(도시형),-,9세대,총 1동,34.29㎡ ~ 43.78㎡,13,,
강동구,천호동,성우스타팰리스(163-21도시형),3억,20세대,총 1동,20.27㎡ ~ 40.28㎡,7,,
강동구,천호동,성우스타팰리스(163-30도시형),-,20세대,총 1동,21.49㎡ ~ 37.96㎡,9,,
강동구,천호동,성우스타팰리스(167-160도시형),-,20세대,총 1동,33.73㎡ ~ 49.73㎡,9,,
강동구,천호동,성우스타팰리스(169-12주상복합),-,20세대,총 1동,28.58㎡ ~ 41.42㎡,7,,
강동구,천호동,성우스타팰리스(361도시형),-,75세대,총 5동,38.85㎡ ~ 47.44㎡,4,,
강동구,천호동,성우스타팰리스(363-14도시형),-,15세대,총 1동,21.12㎡ ~ 53.95㎡,4,,
강동구,천호동,성원,8억~9억,122세대,총 1동,73.52㎡ ~ 158.92㎡,6,,
강동구,천호동,성인,-,19세대,총 1동,74.42㎡ ~ 94.69㎡,13,,
강동구,천호동,스카이캐슬라(도시형),-,25세대,총 1동,19.96㎡ ~ 22.5㎡,9,,
강동구,천호동,시티빌,-,19세대,총 1동,53.92㎡ ~ 97.92㎡,6,,
강동구,천호동,신동양빛여울,-,33세대,총 1동,70.16㎡ ~ 97.73㎡,9,,
강동구,천호동,신주(27-6),-,12세대,총 1동,73.04㎡ ~ 96.57㎡,13,,
강동구,천호동,신주(313),-,10세대,총 1동,56.5㎡ ~ 78.29㎡,3,,
강동구,천호동,신주(317-4),8억,24세대,총 2동,75.12㎡ ~ 100.11㎡,2,,
강동구,천호동,신주리버빌(도시형),-,10세대,총 1동,42.23㎡ ~ 60.79㎡,11,,
강동구,천호동,썬팰리스,7억 7000~9억 3000,29세대,총 1동,101.84㎡,11,,
강동구,천호동,아스하임9차(도시형),2억 1000~2억 4500,149세대,총 1동,15.87㎡ ~ 37.67㎡,16,,
강동구,천호동,아이빌(도시형),-,10세대,총 1동,54.42㎡ ~ 64.54㎡,5,,
강동구,천호동,아크로파크,10억 5000,18세대,총 1동,79.81㎡ ~ 136.02㎡,8,,
강동구,천호동,암사브라운스톤,12억 5000~13억 1000,125세대,총 2동,106.94㎡,6,,
강동구,천호동,어바니엘(민간임대도시형),-,182세대,총 1동,19.31㎡ ~ 22.56㎡,12,,
강동구,천호동,엘림스퀘어1(도시형),1억 9000,34세대,총 1동,18.93㎡ ~ 26.94㎡,13,,
강동구,천호동,엘림스퀘어II(도시형),1억 5100~1억 8500,143세대,총 1동,22.85㎡ ~ 27.96㎡,11,,
강동구,천호동,엘크루(주상복합),14억~27억,47세대,총 1동,171.53㎡ ~ 266.55㎡,14,,
강동구,천호동,예건네스빌(도시형),-,20세대,총 1동,18.49㎡ ~ 40.29㎡,9,,
강동구,천호동,용명브릿지,7억 5000,44세대,총 1동,83.02㎡ ~ 135.69㎡,10,,
강동구,천호동,우정,7억,85세대,총 1동,75.58㎡ ~ 115.27㎡,10,,
강동구,천호동,우정에쉐르(주상복합),7억~7억 2000,68세대,총 2동,72.27㎡ ~ 104㎡,9,,
강동구,천호동,유원,8억,174세대,총 1동,76.28㎡ ~ 98.28㎡,6,,
강동구,천호동,유한,-,18세대,총 1동,24.33㎡ ~ 31.03㎡,5,,
강동구,천호동,율전에버그린,7억 4500,18세대,총 1동,91.1㎡ ~ 91.86㎡,3,,
강동구,천호동,이연아마빌레,-,19세대,총 1동,137.23㎡ ~ 172.61㎡,7,,
강동구,천호동,장방,-,14세대,총 1동,93.76㎡,9,,
강동구,천호동,제일,6억 5000,62세대,총 1동,82.56㎡ ~ 146.68㎡,4,,
강동구,천호동,주성아파텔(도시형),1억 8000~2억 5000,20세대,총 1동,21.03㎡ ~ 38.79㎡,9,,
강동구,천호동,중앙하이츠,8억 2000~10억 5000,226세대,총 1동,86.68㎡ ~ 143.41㎡,2,,
강동구,천호동,즈믄촌,8억 3000,30세대,총 1동,71.58㎡ ~ 106.77㎡,13,,
강동구,천호동,지원G델타,-,12세대,총 1동,98.99㎡,3,,
강동구,천호동,지원골드,-,13세대,총 1동,105.33㎡ ~ 105.92㎡,4,,
강동구,천호동,진넥스빌Ⅲ(주상복합),-,39세대,총 1동,86.06㎡ ~ 90.88㎡,12,,
강동구,천호동,집앤사더블린(도시형),-,20세대,총 1동,30.09㎡ ~ 35.66㎡,5,,
강동구,천호동,집앤사스윗사이드(도시형),2억 2000~2억 8000,76세대,총 1동,21.19㎡ ~ 21.54㎡,6,,
강동구,천호동,창대캐슬(주상복합),-,7세대,총 1동,78.44㎡ ~ 140.57㎡,12,,
강동구,천호동,천호(동성),6억 9000~7억 5000,19세대,총 1동,96.17㎡ ~ 143.76㎡,10,,
강동구,천호동,천호e-편한세상,11억~14억 1000,150세대,총 2동,98.43㎡ ~ 137.52㎡,10,,
강동구,천호동,천호네스빌(주상복합),2억~2억 7000,42세대,총 1동,28.57㎡ ~ 65.13㎡,8,,
강동구,천호동,천호롯데,8억 1000~8억 5000,114세대,총 1동,80.92㎡ ~ 146.07㎡,3,,
강동구,천호동,천호미세움(도시형),-,13세대,총 1동,22.45㎡ ~ 73.04㎡,12,,
강동구,천호동,천호삼성,8억 7500~13억,643세대,총 4동,83.81㎡ ~ 140.2㎡,7,,
강동구,천호동,천호예전이룸1차,7억 3000~8억 5000,49세대,총 1동,42.7㎡ ~ 102.19㎡,5,,
강동구,천호동,천호우림루미아트1차,8억 7000,77세대,총 1동,85.57㎡ ~ 103.72㎡,10,,
강동구,천호동,천호우림루미아트2차,7억 6000~8억,70세대,총 2동,72.88㎡ ~ 103.24㎡,12,,
강동구,천호동,천호우성,9억~12억,479세대,총 6동,71.96㎡ ~ 102.97㎡,8,,
강동구,천호동,천호이룸2차,6억 1000~7억 7000,27세대,총 1동,62.57㎡ ~ 101.51㎡,5,,
강동구,천호동,천호이연아마빌레,7억 5000,40세대,총 1동,48.5㎡ ~ 101.22㎡,4,,
강동구,천호동,천호케이엔피,-,18세대,총 1동,83.42㎡ ~ 131.38㎡,12,,
강동구,천호동,천호태영,9억 5000~15억,649세대,총 6동,82.88㎡ ~ 142.31㎡,14,,
강동구,천호동,청운캐슬1단지(도시형),-,84세대,총 6동,32.04㎡ ~ 56.17㎡,5,,
강동구,천호동,청운캐슬2단지(도시형),-,84세대,총 6동,29.07㎡ ~ 72.73㎡,5,,
강동구,천호동,코오롱상가,12억 5000~14억,198세대,총 1동,68.68㎡ ~ 100.47㎡,11,,
강동구,천호동,타워파크(도시형),-,12세대,총 1동,35㎡ ~ 63.11㎡,14,,
강동구,천호동,태천(35-12),-,19세대,총 1동,102.62㎡ ~ 102.69㎡,10,,
강동구,천호동,태천와이드빌,-,32세대,총 1동,87.26㎡ ~ 110.7㎡,1,,
강동구,천호동,태천해오름,8억~9억 1700,49세대,총 1동,64.55㎡ ~ 137.11㎡,4,,
강동구,천호동,파크뷰,-,28세대,총 1동,19.47㎡ ~ 24.01㎡,6,,
강동구,천호동,평대미진,8억 5000~8억 6000,58세대,총 1동,60.73㎡ ~ 104.66㎡,13,,
강동구,천호동,평대보민,-,38세대,총 1동,77.27㎡ ~ 93.63㎡,15,,
강동구,천호동,프라임(민간임대도시형),-,26세대,총 1동,23.78㎡ ~ 39.37㎡,12,,
강동구,천호동,플러스빌(도시형),-,25세대,총 1동,23.88㎡ ~ 52.31㎡,12,,
강동구,천호동,하우스D(도시형),-,15세대,총 1동,35.62㎡ ~ 41.6㎡,10,,
강동구,천호동,하이브(도시형),1억 5700~1억 6000,66세대,총 1동,22.43㎡ ~ 25.42㎡,10,,
강동구,천호동,한건브리앙,9억,42세대,총 1동,77.5㎡ ~ 100.11㎡,13,,
강동구,천호동,한신,7억 2000~8억 7000,224세대,총 2동,49.06㎡ ~ 108.17㎡,8,,
강동구,천호동,현대,9억~9억 2000,156세대,총 2동,60.25㎡ ~ 98.42㎡,9,,
강동구,천호동,현대코아(천호아이파크주상복합),7억 5000~12억 5000,185세대,총 1동,76.77㎡ ~ 202.63㎡,10,,
강동구,천호동,현대프라자(주상복합),-,112세대,총 1동,41.27㎡ ~ 127.96㎡,10,,
강동구,천호동,현일디와이디(도시형),-,20세대,총 1동,22.6㎡ ~ 30.3㎡,10,,
강동구,천호동,현진리버파크(주상복합),-,72세대,총 1동,22.85㎡ ~ 36.85㎡,16,,
강동구,천호동,현진에스페랑스(주상복합),-,30세대,총 1동,71.72㎡ ~ 97.14㎡,12,,
강동구,천호동,형인허브빌,7억 5000~7억 8000,42세대,총 1동,91.27㎡ ~ 91.67㎡,14,,
강동구,천호동,힐데스하임천호,-,188세대,총 2동,69.26㎡ ~ 142.77㎡,10,,
