지역구,지역동,아파트명,가격,세대 수,동 수,면적(㎡),초등학교까지의 소요시간(분),,,,,
강남구,개포동,YH빌리지,-,16,1,33.02 ~ 36.32,11,,,,,
강남구,개포동,개포래미안포레스트,18억~46억,2296,31,74.31 ~ 174.19,2,,,,,
강남구,개포동,개포비버리하임(도시형),-,29,2,28.54 ~ 66.23,5,,,,,
강남구,개포동,개포상지리츠빌,40억,18,1,178.74 ~ 240.58,4,,,,,
강남구,개포동,개포자이,28억~35억,212,4,160.71 ~ 204.52,1,,,,,
강남구,개포동,개포자이르네,-,28,1,71.89 ~ 158.9,5,,,,,
강남구,개포동,개포주공5단지,23억 8000~28억 5000,940,6,75.33 ~ 116.04,3,,,,,
강남구,개포동,개포주공6단지,23억~29억,1060,9,68.43 ~ 107.31,2,,,,,
강남구,개포동,개포주공7단지,23억~29억,900,8,73.43 ~ 114.72,2,,,,,
강남구,개포동,개포프레지던스자이,22억 5000~33억,3375,35,59.86 ~ 243.78,정보 없음,,,,,
강남구,개포동,개포현대(200동),-,72,1,101.55,1,,,,,
강남구,개포동,개포현대2차(220동),-,54,1,98.54,1,,,,,
강남구,개포동,개포현대5차,-,18,1,148.38,4,,,,,
강남구,개포동,개포현대6차,-,19,1,116.85 ~ 154.77,10,,,,,
강남구,개포동,경남,29억~42억,678,9,97.92 ~ 198.33,4,,,,,
강남구,개포동,그루(주상복합),-,20,1,16.12 ~ 39.97,13,,,,,
강남구,개포동,뉴현대파크빌,-,10,1,79.61 ~ 96.08,3,,,,,
강남구,개포동,대청,15억 5000~20억,822,6,56.5 ~ 81.67,2,,,,,
강남구,개포동,대치2단지,11억 7000~17억,1758,11,46.73 ~ 67.75,6,,,,,
강남구,개포동,더샵그린,-,19,1,214.21 ~ 258.84,5,,,,,
강남구,개포동,더샵트리에,30억~38억,232,2,132.23 ~ 135.57,2,,,,,
강남구,개포동,디에이치아너힐즈,19억~53억,1320,23,67.54 ~ 202.81,13,,,,,
강남구,개포동,디에이치퍼스티어아이파크,21억~70억,6702,74,50.73 ~ 230.69,정보 없음,,,,,
강남구,개포동,래미안블레스티지,18억~50억,1957,23,67.77 ~ 249.51,11,,,,,
강남구,개포동,런던빌개포,-,15,1,28.6 ~ 40.61,9,,,,,
강남구,개포동,렉스힐(주상복합),-,8,1,55.19,9,,,,,
강남구,개포동,리더스,-,10,1,92.57 ~ 94.36,5,,,,,
강남구,개포동,새롬,-,41,3,48.87 ~ 82.85,5,,,,,
강남구,개포동,쌍용개포(주상복합),-,16,1,162.94,1,,,,,
강남구,개포동,에버그린(주상복합),-,9,1,74.08 ~ 106.04,6,,,,,
강남구,개포동,우성3차,28억 5000~41억,405,5,110.6 ~ 182.45,4,,,,,
강남구,개포동,우성6차,21억~26억 5000,270,8,61.32 ~ 86.52,3,,,,,
강남구,개포동,우성8차,24억~26억,261,3,98.87 ~ 109.35,7,,,,,
강남구,개포동,우찬현대(101),-,15,1,65.21 ~ 156.31,6,,,,,
강남구,개포동,우찬현대(102),-,10,1,71.89 ~ 152.26,6,,,,,
강남구,개포동,우찬현대(103),-,10,1,71.89 ~ 152.26,6,,,,,
강남구,개포동,포이벨리,-,10,1,98.3,4,,,,,
강남구,개포동,한림,-,12,1,82.57,4,,,,,
강남구,개포동,현대1차,28억~38억,416,6,102.73 ~ 193.8,6,,,,,
강남구,개포동,현대2차,28억~41억,558,13,105.78 ~ 195.17,1,,,,,
강남구,개포동,현대3차,30억~42억,198,5,105.86 ~ 198.26,6,,,,,
강남구,개포동,현대빌라트,-,14,1,174.05 ~ 194.46,3,,,,,
강남구,논현동,N168(도시형),-,132,1,26.32 ~ 43.09,10,,,,,
강남구,논현동,강남파라곤(주상복합),17억 5000~22억,58,1,100.88 ~ 203.87,8,,,,,
강남구,논현동,거평프리젠,4억 5000~9억 8000,113,1,41.83 ~ 82.93,4,,,,,
강남구,논현동,경남논현,13억 5000~15억,60,1,79.97 ~ 153.41,2,,,,,
강남구,논현동,골든캐슬,-,7,1,131.35 ~ 154.9,10,,,,,
강남구,논현동,그랑디오스,26억,15,1,100.59 ~ 163.69,5,,,,,
강남구,논현동,기린힐스(도시형),-,249,1,26.2 ~ 33.34,11,,,,,
강남구,논현동,꿈꾸지오(도시형),-,28,2,26.28 ~ 38.37,3,,,,,
강남구,논현동,논현e-편한세상,14억 8000~23억,63,1,109.11 ~ 166.4,5,,,,,
강남구,논현동,논현대우멤버스카운티,-,19,1,150.45 ~ 153.85,13,,,,,
강남구,논현동,논현더라움,-,16,1,31.77 ~ 34.34,7,,,,,
강남구,논현동,논현동부센트레빌,19억~27억,160,4,106.82 ~ 136.29,3,,,,,
강남구,논현동,논현동양파라곤,41억~45억,203,4,173.4 ~ 301.42,5,,,,,
강남구,논현동,논현두산위브1단지,20억,130,2,107.71 ~ 140.87,3,,,,,
강남구,논현동,논현두산위브2단지,20억,136,2,87.65 ~ 135.37,3,,,,,
강남구,논현동,논현라폴리움,48억~55억,18,1,491.26 ~ 540.18,4,,,,,
강남구,논현동,논현멤버스카운티,-,11,1,120.27 ~ 124.88,13,,,,,
강남구,논현동,논현베르빌,-,65,1,130.84 ~ 227.23,11,,,,,
강남구,논현동,논현브라운스톤로얄스위트,-,19,1,249.11 ~ 266.39,11,,,,,
강남구,논현동,논현빌라트,-,10,1,54.22 ~ 77.98,8,,,,,
강남구,논현동,논현신동아파밀리에,9억 4000~23억,644,6,52.92 ~ 140.5,14,,,,,
강남구,논현동,논현아이파크(주상복합),15억~24억,99,1,69 ~ 123.76,5,,,,,
강남구,논현동,논현아테나니케,18억,12,1,127.92 ~ 128.73,13,,,,,
강남구,논현동,논현아트빌,9억 2000~10억 5000,11,1,80.87 ~ 126.42,12,,,,,
강남구,논현동,논현아펠바움1차,-,38,4,277.91 ~ 311.2,7,,,,,
강남구,논현동,논현아펠바움2차,45억~50억,38,3,281.22 ~ 317.73,6,,,,,
강남구,논현동,논현월드메르디앙,-,82,1,94.26 ~ 144.5,10,,,,,
강남구,논현동,논현웰스톤(주상복합),14억 5000~15억,38,1,93.53 ~ 126.87,12,,,,,
강남구,논현동,논현인텔리전트하우스,-,19,1,26.87 ~ 130.2,11,,,,,
강남구,논현동,논현테크노빌,-,10,2,117.86 ~ 203.67,3,,,,,
강남구,논현동,논현파크빌(도시형),1억 7500,27,1,21.43 ~ 27.93,7,,,,,
강남구,논현동,논현팰리스(민간임대/도시형),-,39,2,28.5 ~ 48.85,4,,,,,
강남구,논현동,논현펜트힐캐스케이드(도시형),-,130,1,63.54 ~ 71.08,15,,,,,
강남구,논현동,논현프라임(192-3),19억 8000,19,1,144.68 ~ 150.14,9,,,,,
강남구,논현동,논현한가람,25억,32,1,102.67 ~ 169.38,11,,,,,
강남구,논현동,논현한진로즈힐,17억 1000~20억,81,2,92.44 ~ 132.97,13,,,,,
강남구,논현동,논현한화꿈에그린,13억 5000~15억,70,2,89.17,7,,,,,
강남구,논현동,논현한화꿈에그린2차,14억~23억,46,1,104.67 ~ 147.31,7,,,,,
강남구,논현동,논현힐스빌5차,-,7,1,248.68,정보 없음,,,,,
강남구,논현동,논현힐스빌6차,34억,4,1,228.44 ~ 231.14,12,,,,,
강남구,논현동,더그레이스,-,9,1,106.35 ~ 112.89,10,,,,,
강남구,논현동,더원센트럴(주상복합),5억 2000,29,1,34.3 ~ 66.05,10,,,,,
강남구,논현동,더케이(도시형),-,16,1,20.49 ~ 36.77,12,,,,,
강남구,논현동,더클래식논현(도시형),-,14,2,33.26 ~ 100.23,12,,,,,
강남구,논현동,동광팰리스(도시형),4억 7000~5억,38,2,29.26 ~ 45.5,11,,,,,
강남구,논현동,동현,24억 5000~30억,548,6,102.47 ~ 175.38,13,,,,,
강남구,논현동,동화(민간임대/도시형),-,236,1,32.23 ~ 72.28,6,,,,,
강남구,논현동,두영,11억,17,1,94.52 ~ 97.81,12,,,,,
강남구,논현동,라디안,-,10,1,77.7 ~ 129.86,15,,,,,
강남구,논현동,라이헤스빌,-,13,1,74.6 ~ 118.81,13,,,,,
강남구,논현동,로체샤르캐슬,14억 5000,17,1,99.4 ~ 125.69,11,,,,,
강남구,논현동,루시아도산208(도시형),-,55,1,57.63 ~ 60.66,10,,,,,
강남구,논현동,리더스빌,-,19,1,81.25 ~ 206.56,8,,,,,
강남구,논현동,리츠하우스,73억,12,1,300.31 ~ 300.41,12,,,,,
강남구,논현동,마블하우스,-,12,1,153.02 ~ 183.84,4,,,,,
강남구,논현동,마일스디오빌(주상복합),3억 8000~4억 5000,260,1,47.19,11,,,,,
강남구,논현동,벨러스빌,-,10,1,95.83 ~ 178.31,11,,,,,
강남구,논현동,보노체아(도시형),-,22,1,17.86 ~ 27.8,7,,,,,
강남구,논현동,비쥬힐,11억 2000,10,1,87.53 ~ 141.26,13,,,,,
강남구,논현동,삼성빌라트,-,19,1,121.01 ~ 172.68,19,,,,,
강남구,논현동,세호시티라이프(주상복합),-,19,1,55.96 ~ 79.85,4,,,,,
강남구,논현동,스위트캐슬,-,16,2,270.21 ~ 270.62,16,,,,,
강남구,논현동,스위트케슬레지던스,25억,17,1,122.16 ~ 241.39,11,,,,,
강남구,논현동,신동아,-,12,2,226.56 ~ 262.29,9,,,,,
강남구,논현동,쌍용,12억 5000~16억,111,1,83.17 ~ 117.82,11,,,,,
강남구,논현동,아나하(도시형),22억 5000~24억,16,1,36.48 ~ 116.57,7,,,,,
강남구,논현동,아츠논현(도시형),14억 9970~25억 3880,24,1,49.6 ~ 66.3,6,,,,,
강남구,논현동,아크로힐스논현,24억 4000~33억,368,4,109.73 ~ 148.25,4,,,,,
강남구,논현동,알파임하우스Ⅱ,60억,16,2,257.91,11,,,,,
강남구,논현동,애플타운(주상복합),-,19,1,36.76 ~ 247.91,16,,,,,
강남구,논현동,예원베스트빌,-,8,1,109.38 ~ 126.08,8,,,,,
강남구,논현동,요진보네르,-,9,1,102.11 ~ 186.88,12,,,,,
강남구,논현동,우림빌(도시형),-,19,1,16.36 ~ 26.71,4,,,,,
강남구,논현동,우림스타빌(도시형),-,19,1,26.3 ~ 52.75,2,,,,,
강남구,논현동,우민,12억 5000~14억,70,1,99.54 ~ 105.8,11,,,,,
강남구,논현동,우성,12억,14,1,81.56 ~ 122.78,3,,,,,
강남구,논현동,월드노블레스빌,24억,12,1,142.17 ~ 195.72,12,,,,,
강남구,논현동,월드쉐르빌,-,15,1,49.8 ~ 99.48,3,,,,,
강남구,논현동,은탑리더스카운티,-,18,1,77 ~ 182.69,10,,,,,
강남구,논현동,이산,7억 5000~7억 8000,10,1,55.18 ~ 76.95,8,,,,,
강남구,논현동,이움,20억,10,1,111.35 ~ 142.98,9,,,,,
강남구,논현동,제이빌,9억 5000~10억,32,1,43.08 ~ 113.06,12,,,,,
강남구,논현동,지고하임,14억,33,2,71.86 ~ 91.74,11,,,,,
강남구,논현동,청학,18억 5000~26억,70,3,87.15 ~ 99.65,16,,,,,
강남구,논현동,케럿스테이트,-,16,1,103.64 ~ 193.94,4,,,,,
강남구,논현동,케이씨빌,16억,12,1,111.5 ~ 123.51,10,,,,,
강남구,논현동,테크노빌라트,-,18,1,57.57 ~ 114.3,1,,,,,
강남구,논현동,토미빌(228-9),18억 5000~25억,24,3,155.16 ~ 161.26,10,,,,,
강남구,논현동,펜트힐루논현(도시형),10억 5000~17억,131,1,61.41 ~ 63.06,정보 없음,,,,,
강남구,논현동,프라임(196-4),-,19,1,135.45 ~ 270.9,5,,,,,
강남구,논현동,프라임(80-13),-,28,1,93.51 ~ 124.68,20,,,,,
강남구,논현동,학동참진,15억,18,1,86.75 ~ 125.41,10,,,,,
강남구,논현동,한양빌라트,18억,19,1,115.34 ~ 179.68,20,,,,,
강남구,논현동,한양수자인어반게이트(도시형),2억 1200~2억 5500,108,1,23.42 ~ 29.92,9,,,,,
강남구,논현동,현대넥서스(261-7),-,18,1,128.29 ~ 254.09,5,,,,,
강남구,논현동,현대넥서스(261-8),-,16,1,161.35 ~ 264.58,4,,,,,
강남구,논현동,현대인텔렉스(주상복합),23억~90억,42,1,168.76 ~ 254.22,6,,,,,
강남구,논현동,휴먼스페이스(주상복합),-,18,1,48.95 ~ 49.49,11,,,,,
강남구,논현동,힐스빌7차,-,9,1,138.67 ~ 171.75,12,,,,,
강남구,논현동,힐타워,-,16,1,93.47 ~ 187.15,10,,,,,
강남구,논현동,힐튼빌(도시형),-,14,1,35.03 ~ 104.27,2,,,,,
강남구,대치동,S-타워(주상복합),-,19,1,246.25,1,,,,,
강남구,대치동,개포우성1차,32억~51억,690,9,102.48 ~ 214.88,1,,,,,
강남구,대치동,개포우성2차,31억~50억,450,5,101.09 ~ 180.54,6,,,,,
강남구,대치동,노빌리티빌리지,-,14,1,125.06 ~ 196.98,15,,,,,
강남구,대치동,대치SK뷰,33억~35억,239,4,80.38 ~ 166.84,10,,,,,
강남구,대치동,대치대우아이빌멤버스4차(주상복합),3억 8000~5억 4000,134,1,31.9 ~ 68.74,9,,,,,
강남구,대치동,대치대우아이빌명문가(주상복합),3억 1000~3억 4500,210,1,41.88 ~ 66.93,10,,,,,
강남구,대치동,대치더블유타워(도시형),-,149,1,33.22 ~ 52.72,4,,,,,
강남구,대치동,대치롯데캐슬리베,37억~40억,144,2,146.32,5,,,,,
강남구,대치동,대치삼성1차,20억~33억,960,14,85.68 ~ 139.27,11,,,,,
강남구,대치동,대치삼성2차,-,19,1,188.75,16,,,,,
강남구,대치동,대치삼성3차,30억~35억,35,2,99.97 ~ 240.86,14,,,,,
강남구,대치동,대치상지리츠빌카일룸,-,15,1,225.33 ~ 268.23,9,,,,,
강남구,대치동,대치쌍용1차,28억~35억,630,5,102.36 ~ 173.48,14,,,,,
강남구,대치동,대치쌍용2차,26억 5000~37억,364,4,102.47 ~ 141.71,13,,,,,
강남구,대치동,대치아이파크,22억~50억,768,11,78.71 ~ 179.41,2,,,,,
강남구,대치동,대치우성1차,26억 7000~33억,476,6,102.01 ~ 133.98,9,,,,,
강남구,대치동,대치우정에쉐르1(주상복합),9억 9000~12억,80,1,67.95 ~ 91.28,9,,,,,
강남구,대치동,대치우정에쉐르2(주상복합),12억 8000~13억,18,1,72.18 ~ 82.58,9,,,,,
강남구,대치동,대치주성,25억,14,1,73.97 ~ 136.31,7,,,,,
강남구,대치동,대치타워,9억 5000~11억 5000,10,1,77.28 ~ 105,6,,,,,
강남구,대치동,대치푸르지오써밋,-,489,9,70.24 ~ 198.93,4,,,,,
강남구,대치동,대치풍림아이원1차,21억,57,3,91.49 ~ 167.94,5,,,,,
강남구,대치동,대치풍림아이원2차,25억,33,2,106.37 ~ 170.3,4,,,,,
강남구,대치동,대치풍림아이원3차,25억~25억 5000,42,1,134.72 ~ 139.43,6,,,,,
강남구,대치동,대치풍림아이원4차,24억~25억,33,1,134.54 ~ 139.23,7,,,,,
강남구,대치동,대치하나빌,28억,12,1,163.48 ~ 225.69,14,,,,,
강남구,대치동,대치한신휴플러스,19억 5000,66,1,85.9 ~ 105.97,6,,,,,
강남구,대치동,대치현대,18억 5000~29억,630,8,88.68 ~ 143.66,7,,,,,
강남구,대치동,대치효성,22억,83,1,78.99 ~ 112.12,10,,,,,
강남구,대치동,더힐하우스(도시형),-,44,4,36.26 ~ 70.89,2,,,,,
강남구,대치동,도성,-,10,1,91.79 ~ 131.56,6,,,,,
강남구,대치동,동민맥스빌(A동/주상복합),-,30,1,107.48 ~ 109.26,2,,,,,
강남구,대치동,동민맥스빌(B동),-,18,1,75.44 ~ 156.79,3,,,,,
강남구,대치동,동부센트레빌,50억 5000~54억,805,7,152.54 ~ 202.99,2,,,,,
강남구,대치동,동양,-,19,1,110.57 ~ 186.81,2,,,,,
강남구,대치동,래미안대치팰리스1단지,34억~51억,1278,13,88 ~ 150.66,7,,,,,
강남구,대치동,래미안대치팰리스2단지,33억 5000~58억,330,4,118.76 ~ 183.59,8,,,,,
강남구,대치동,래미안대치하이스턴,30억,354,5,142.54 ~ 142.62,4,,,,,
강남구,대치동,로프트아파트먼트대치(도시형),11억 5000,16,1,43.29 ~ 56.53,6,,,,,
강남구,대치동,롯데캐슬,-,142,3,110.72 ~ 176.16,11,,,,,
강남구,대치동,르엘대치,23억~23억 5000,273,6,75.59 ~ 158.56,정보 없음,,,,,
강남구,대치동,메트로,-,11,1,81.71 ~ 113.12,7,,,,,
강남구,대치동,미소시티,-,18,1,164.77 ~ 200.9,7,,,,,
강남구,대치동,삼환SOGOOD(주상복합),22억,37,1,107.38 ~ 133.52,4,,,,,
강남구,대치동,선경1/2차,30억~50억,1034,12,101.66 ~ 186.36,1,,,,,
강남구,대치동,선경3차,-,54,1,85.48,7,,,,,
강남구,대치동,선릉역대우아이빌5차(주상복합),1억 8000~2억 8000,150,1,27.45 ~ 58.95,10,,,,,
강남구,대치동,선릉역풍림아이원레몬(주상복합),17억,44,1,84.27 ~ 92.62,9,,,,,
강남구,대치동,세연파크뷰,-,19,1,75.46 ~ 94.53,6,,,,,
강남구,대치동,세영팔래스,-,67,1,73.77 ~ 103.37,6,,,,,
강남구,대치동,스톤빌리지대치2차(도시형),-,25,2,38.99 ~ 69.77,2,,,,,
강남구,대치동,스톤빌리지대치3차(도시형),-,22,2,35.47 ~ 62.45,3,,,,,
강남구,대치동,스톤빌리지대치4차(도시형),-,20,2,39.1 ~ 71.47,1,,,,,
강남구,대치동,아름빌,3억~11억 5000,43,1,45.97 ~ 105.58,9,,,,,
강남구,대치동,아크로빌,18억,14,2,61.53 ~ 112.33,17,,,,,
강남구,대치동,우정에쉐르3,-,19,1,103.62 ~ 154.02,9,,,,,
강남구,대치동,월드빌,-,11,1,59 ~ 122.32,9,,,,,
강남구,대치동,은마,24억~28억 5000,4424,28,101.52 ~ 115.54,3,,,,,
강남구,대치동,청암빌라트,-,18,1,144.05 ~ 179.57,8,,,,,
강남구,대치동,청원,-,19,1,58.32 ~ 130.41,1,,,,,
강남구,대치동,테헤란로대우아이빌(주상복합),3억 4000~9억,371,1,38.72 ~ 89.17,12,,,,,
강남구,대치동,포스코더샵,33억~40억,276,4,168.38 ~ 208.98,9,,,,,
강남구,대치동,하이캐슬,22억~23억,67,2,104.13 ~ 191.61,7,,,,,
강남구,대치동,한보미도맨션1/2차,30억~49억,2436,21,113.31 ~ 220.92,2,,,,,
강남구,대치동,한보미도맨션3차,39억 5000,18,1,220.11,9,,,,,
강남구,대치동,한양팰리스,-,14,1,111.2 ~ 120.97,7,,,,,
강남구,대치동,한티,-,22,2,78.6 ~ 127.58,3,,,,,
강남구,대치동,현대,21억,120,1,101.03 ~ 101.7,9,,,,,
강남구,대치동,현대썬앤빌테헤란(도시형),5억 6000~7억 1000,49,1,54.56 ~ 82.49,10,,,,,
강남구,대치동,화인하이빌,29억,18,1,61.24 ~ 147.52,8,,,,,
강남구,도곡동,개포럭키,35억,128,2,102.41,18,,,,,
강남구,도곡동,개포우성4차,31억~40억,459,8,113.23 ~ 180.25,9,,,,,
강남구,도곡동,개포우성5차,23억,180,4,89.79 ~ 98.96,14,,,,,
강남구,도곡동,개포한신,22억 7000~30억,620,8,73.65 ~ 103.93,11,,,,,
강남구,도곡동,경남,19억~27억,348,4,76.47 ~ 147.12,6,,,,,
강남구,도곡동,그랜빌캐슬,22억,15,1,105.32 ~ 166.79,17,,,,,
강남구,도곡동,극동스타클래스(주상복합),20억~30억,96,1,141.4 ~ 258.38,3,,,,,
강남구,도곡동,대림,19억 5000~23억,197,2,102.39 ~ 104.47,3,,,,,
강남구,도곡동,대림아크로빌(주상복합),28억~34억,490,2,56.9 ~ 230.18,12,,,,,
강남구,도곡동,대명비발디,11억 5000~12억 8000,18,1,46.53 ~ 102.21,5,,,,,
강남구,도곡동,대우양재디오빌(주상복합),2억 4500~3억 2000,155,1,32.11 ~ 43.76,5,,,,,
강남구,도곡동,더힐(도시형),-,11,1,26.65 ~ 44.42,23,,,,,
강남구,도곡동,도곡그린빌,9억 5000,19,1,63.77 ~ 127.4,1,,,,,
강남구,도곡동,도곡렉슬,22억 5000~59억,3002,34,86.43 ~ 225.29,2,,,,,
강남구,도곡동,도곡루아르(도시형),9억 6200~11억,29,1,64.32 ~ 66.68,8,,,,,
강남구,도곡동,도곡삼성래미안,21억~41억 5000,732,10,81.35 ~ 158.1,8,,,,,
강남구,도곡동,도곡상지카일룸,-,23,1,255.19 ~ 275.56,12,,,,,
강남구,도곡동,도곡스타빌,-,15,1,59.17 ~ 104.14,22,,,,,
강남구,도곡동,도곡스테이77(도시형),-,77,1,31.15 ~ 44.58,정보 없음,,,,,
강남구,도곡동,도곡쌍용예가,22억 5000~26억 5000,384,5,83.52 ~ 232.86,1,,,,,
강남구,도곡동,도곡아이파크1차,21억~31억,321,5,109.19 ~ 178.59,16,,,,,
강남구,도곡동,도곡아이파크2차,32억~34억,58,2,175.89 ~ 232.37,4,,,,,
강남구,도곡동,도곡아이파크3차,30억~31억,72,3,179.5 ~ 225.98,5,,,,,
강남구,도곡동,도곡우성,22억 5000~23억,390,2,93.94 ~ 101.17,2,,,,,
강남구,도곡동,도곡월드메르디앙,-,29,2,118.58 ~ 208.38,12,,,,,
강남구,도곡동,도곡조이너스,18억,26,1,78.68 ~ 109.25,2,,,,,
강남구,도곡동,도곡지웰카운티,22억~24억,37,2,125.8 ~ 148.53,10,,,,,
강남구,도곡동,도곡푸르지오1차,-,17,1,185.04 ~ 208.44,6,,,,,
강남구,도곡동,도곡푸르지오2차(주상복합),-,13,1,185.43,7,,,,,
강남구,도곡동,도곡하이빌,-,12,1,76.23 ~ 156.39,1,,,,,
강남구,도곡동,도곡한라비발디,23억~38억,110,1,111.45 ~ 164.97,3,,,,,
강남구,도곡동,도곡한신,22억~28억,421,5,79.5 ~ 135.75,6,,,,,
강남구,도곡동,도곡현대하이페리온,28억~30억,71,2,171.91 ~ 218.57,5,,,,,
강남구,도곡동,도곡현대힐스테이트,-,57,4,151.4 ~ 224.74,1,,,,,
강남구,도곡동,동연빌(주상복합),-,18,1,35.64 ~ 39.34,11,,,,,
강남구,도곡동,라온빌(도시형),-,11,1,20.79 ~ 56.27,8,,,,,
강남구,도곡동,래미안도곡카운티,23억~37억,397,8,81.57 ~ 132.86,5,,,,,
강남구,도곡동,로덴하우스웨스트빌리지,50억,19,1,298.43 ~ 337.65,16,,,,,
강남구,도곡동,로덴하우스이스트빌리지,47억,33,1,280.33 ~ 287.45,16,,,,,
강남구,도곡동,롯데캐슬모닝,26억 5000,60,2,105.37 ~ 177.25,6,,,,,
강남구,도곡동,리치아르떼빌,-,11,1,138.84 ~ 199.26,11,,,,,
강남구,도곡동,매봉,16억 3000~20억 5000,132,1,70.84 ~ 100.61,20,,,,,
강남구,도곡동,벨라빌,-,13,1,184.94 ~ 265.33,11,,,,,
강남구,도곡동,삼성,17억~23억,231,4,81.09 ~ 104.15,16,,,,,
강남구,도곡동,삼익,21억~21억 3000,247,2,113.73 ~ 165.21,11,,,,,
강남구,도곡동,삼호,-,144,2,137.85,21,,,,,
강남구,도곡동,신성빌리지,-,16,2,119.94 ~ 131.9,13,,,,,
강남구,도곡동,아카데미스위트(주상복합),23억~25억 5000,414,1,112.2 ~ 332.64,11,,,,,
강남구,도곡동,양재SK허브프리모(주상복합),3억 8000~9억 7000,176,1,47.19 ~ 98.16,4,,,,,
강남구,도곡동,역삼럭키,22억 5000~30억,1094,10,112 ~ 145.2,8,,,,,
강남구,도곡동,우성리빙텔(주상복합),-,39,1,150.71 ~ 169.35,10,,,,,
강남구,도곡동,우성캐릭터199(주상복합),27억~35억,199,2,162.08 ~ 201.13,9,,,,,
강남구,도곡동,우성캐릭터빌(주상복합),-,47,1,192.17 ~ 219.68,12,,,,,
강남구,도곡동,울트라멤버스,-,19,1,95.76 ~ 164.52,16,,,,,
강남구,도곡동,원팰리스,-,19,1,57.59 ~ 126.72,4,,,,,
강남구,도곡동,이니그마빌Ⅲ,43억~60억,14,1,265.22 ~ 270.31,12,,,,,
강남구,도곡동,중명하니빌,3억 6000~5억 3000,111,1,31.88 ~ 64.37,4,,,,,
강남구,도곡동,타워팰리스1차(주상복합),26억 5000~95억,1294,4,105.79 ~ 403.76,6,,,,,
강남구,도곡동,타워팰리스2차(주상복합),29억~108억,813,2,92.87 ~ 326.18,6,,,,,
강남구,도곡동,타워팰리스3차(주상복합),34억~75억,480,1,160.73 ~ 314.94,8,,,,,
강남구,도곡동,파크힐,-,17,1,57.4 ~ 216.87,6,,,,,
강남구,도곡동,포레스트빌,-,4,1,145.61 ~ 160.22,13,,,,,
강남구,도곡동,포스코트,36억~38억,64,1,241.7 ~ 256.17,14,,,,,
강남구,도곡동,플럼힐스,25억,5,1,260.67 ~ 334.12,13,,,,,
강남구,도곡동,필로스,-,8,1,115.57 ~ 233.97,12,,,,,
강남구,도곡동,현대(도곡현대),20억~22억,211,3,102.54,5,,,,,
강남구,도곡동,현대그린,19억~22억,171,1,96.61 ~ 96.91,5,,,,,
강남구,도곡동,현대벨라하우스,-,8,1,256.24 ~ 272.1,16,,,,,
강남구,도곡동,현대비젼21(주상복합),4억 5000~5억 5000,232,1,50.9 ~ 66.57,11,,,,,
강남구,도곡동,현대아이리스,16억,17,1,100.52 ~ 157.81,6,,,,,
강남구,도곡동,현대오티움,31억,18,1,219.69 ~ 262.63,13,,,,,
강남구,도곡동,힐데스하임,-,19,1,288.9 ~ 501.28,14,,,,,
강남구,삼성동,LH삼성(도시형),6억 8000,47,1,44.28 ~ 65.73,18,,,,,
강남구,삼성동,SM드림빌,-,16,1,58.04 ~ 94.35,2,,,,,
강남구,삼성동,강변삼부,-,48,1,100.64 ~ 135.66,17,,,,,
강남구,삼성동,골든카운티,-,19,1,96.69 ~ 190.65,6,,,,,
강남구,삼성동,그라나다,12억 7000,19,1,52.82 ~ 99.44,3,,,,,
강남구,삼성동,네오블로썸,-,12,1,115.01,1,,,,,
강남구,삼성동,노블테라스,-,10,1,137.92 ~ 228.01,5,,,,,
강남구,삼성동,다우림하우스,-,10,1,89.66 ~ 147.08,9,,,,,
강남구,삼성동,동구싼타빌,-,19,1,76.29 ~ 136.63,16,,,,,
강남구,삼성동,동일파크스위트,42억,36,1,170.87 ~ 202.22,17,,,,,
강남구,삼성동,래미안라클래시,24억 5000~37억,679,7,84.46 ~ 227.3,8,,,,,
강남구,삼성동,래미안삼성1차(101동),-,77,1,91.51 ~ 233.66,14,,,,,
강남구,삼성동,래미안삼성1차(201동),-,36,1,99.64 ~ 151.81,14,,,,,
강남구,삼성동,래미안삼성1차(301/302/303동,28억~38억 5000,133,3,102.54 ~ 169.89,13,,,,,
강남구,삼성동,래미안삼성1차(501~504동),25억~35억,112,4,109.65 ~ 205.27,14,,,,,
강남구,삼성동,래미안삼성2차,27억~43억,275,8,115.07 ~ 226.39,6,,,,,
강남구,삼성동,로프트원,-,19,1,68.01 ~ 137.41,4,,,,,
강남구,삼성동,롯데캐슬프레미어,26억~48억,713,11,106.93 ~ 239.42,6,,,,,
강남구,삼성동,미켈란147(주상복합),16억 5000~17억,67,1,101.54 ~ 239.48,12,,,,,
강남구,삼성동,브라운스톤레전드(주상복합),45억~48억,54,1,199.47 ~ 343.15,10,,,,,
강남구,삼성동,삼부(101동),26억,43,1,81.68 ~ 141.16,16,,,,,
강남구,삼성동,삼부(102동),-,40,1,74.96 ~ 125.73,15,,,,,
강남구,삼성동,삼부아그레빌,19억 5000,67,1,90.63 ~ 125.95,12,,,,,
강남구,삼성동,삼성SK뷰,-,41,1,99.01 ~ 158.17,17,,,,,
강남구,삼성동,삼성골든빌,-,18,1,237.33 ~ 285.76,16,,,,,
강남구,삼성동,삼성그랑빌,-,14,1,96.86 ~ 113.75,13,,,,,
강남구,삼성동,삼성금호어울림,-,68,1,77 ~ 143.11,16,,,,,
강남구,삼성동,삼성대성유니드,18억~19억,59,1,97.5 ~ 105.01,12,,,,,
강남구,삼성동,삼성대우멤버스카운티1차,-,38,2,116.89 ~ 180.27,14,,,,,
강남구,삼성동,삼성대우멤버스카운티2차,-,17,1,140.68 ~ 195.45,4,,,,,
강남구,삼성동,삼성대우멤버스카운티3차,-,11,1,121.35 ~ 172.92,4,,,,,
강남구,삼성동,삼성대우멤버스카운티5차,-,17,1,136.06 ~ 143.17,4,,,,,
강남구,삼성동,삼성대유리채(도시형),-,65,1,21.73 ~ 61.62,10,,,,,
강남구,삼성동,삼성더파크뷰,-,12,1,215.58,8,,,,,
강남구,삼성동,삼성드림하우스,-,18,1,93.58 ~ 135.68,4,,,,,
강남구,삼성동,삼성디뷰더센트럴(도시형),7억 500~8억 9300,27,1,39.99 ~ 50.07,19,,,,,
강남구,삼성동,삼성라테라스,40억~43억,18,1,139.86 ~ 243.27,21,,,,,
강남구,삼성동,삼성롯데,17억 5000~25억 5000,339,3,79.36 ~ 122.6,7,,,,,
강남구,삼성동,삼성롯데캐슬킹덤,32억~33억,118,3,122.25 ~ 207.63,1,,,,,
강남구,삼성동,삼성루첸시아,-,10,1,60.23 ~ 129.09,13,,,,,
강남구,삼성동,삼성리치빌(주상복합),-,48,1,100.73,14,,,,,
강남구,삼성동,삼성미켈란107(주상복합),19억 5000~22억,64,1,99.79,13,,,,,
강남구,삼성동,삼성벨라스,26억,19,1,156.64 ~ 185.99,2,,,,,
강남구,삼성동,삼성벽산블루밍,-,26,2,97.47 ~ 174.24,15,,,,,
강남구,삼성동,삼성브르넨(주상복합),23억~29억,22,1,41.29 ~ 162.84,9,,,,,
강남구,삼성동,삼성센트럴아이파크,34억~48억,416,4,74.23 ~ 220.74,8,,,,,
강남구,삼성동,삼성신도브래뉴(주상복합),19억~32억,21,1,102.98 ~ 163.81,10,,,,,
강남구,삼성동,삼성씨엘케이,20억 5000,12,1,99.47,4,,,,,
강남구,삼성동,삼성아셈,-,18,1,62.9 ~ 125.13,14,,,,,
강남구,삼성동,삼성아트빌,-,10,1,109.34 ~ 126.34,9,,,,,
강남구,삼성동,삼성아펠바움,50억~58억,17,1,282.73 ~ 313.63,15,,,,,
강남구,삼성동,삼성오네뜨,-,48,2,162.61 ~ 178.71,11,,,,,
강남구,삼성동,삼성우림루미아트,26억,40,1,117.5 ~ 165.44,17,,,,,
강남구,삼성동,삼성우정에쉐르II(주상복합),12억,60,1,66.26 ~ 71.83,15,,,,,
강남구,삼성동,삼성월드타워,-,46,1,66.98 ~ 96.55,4,,,,,
강남구,삼성동,삼성웰피아,-,19,1,104.91 ~ 120.23,12,,,,,
강남구,삼성동,삼성이안파크,18억,19,1,102.03 ~ 130.74,11,,,,,
강남구,삼성동,삼성중앙하이츠빌리지,21억~28억,298,5,83.93 ~ 192.66,7,,,,,
강남구,삼성동,삼성지웰팰리스(주상복합),-,16,1,103.53 ~ 264.51,5,,,,,
강남구,삼성동,삼성파크,20억,114,1,121.5 ~ 162.21,11,,,,,
강남구,삼성동,삼성파크엘나인(주상복합),-,4,1,35.76 ~ 107.72,5,,,,,
강남구,삼성동,삼성팰리스(71-16),35억,19,1,99.26 ~ 136.65,16,,,,,
강남구,삼성동,삼성펠리스(129-5),-,18,1,90.02 ~ 187.6,13,,,,,
강남구,삼성동,삼성포스코더샵(주상복합),32억~36억,72,1,176.54 ~ 242.66,11,,,,,
강남구,삼성동,삼성풍림2차,17억,112,1,54.6 ~ 126.74,12,,,,,
강남구,삼성동,삼성한일,-,127,1,83.55 ~ 108.27,5,,,,,
강남구,삼성동,삼성헤렌하우스2,37억~54억,33,2,133.03 ~ 273.46,7,,,,,
강남구,삼성동,삼성현대1차,-,19,1,176.36 ~ 230.61,9,,,,,
강남구,삼성동,삼성현대2차,-,11,1,128.29 ~ 174.5,8,,,,,
강남구,삼성동,삼성힐스테이트1단지,11억 5000~37억,1144,17,41.4 ~ 144.26,7,,,,,
강남구,삼성동,삼성힐스테이트2단지,16억 5000~30억,926,12,51.81 ~ 111.25,6,,,,,
강남구,삼성동,상아빌라트,25억,17,1,189.41 ~ 290.16,4,,,,,
강남구,삼성동,상지리츠빌카일룸,53억~53억 5000,13,1,287.46 ~ 333.74,18,,,,,
강남구,삼성동,서광,17억 3000~22억 5000,304,2,77.04 ~ 104.43,5,,,,,
강남구,삼성동,석탑,17억 5000,139,1,80.92 ~ 106.24,3,,,,,
강남구,삼성동,선릉LG에클라트(A동/주상복합),3억 4500~3억 7000,125,1,45.07 ~ 65.27,17,,,,,
강남구,삼성동,선릉LG에클라트(B동/주상복합),3억 3000~4억 5000,293,1,47.44 ~ 77.44,16,,,,,
강남구,삼성동,세방타운하우스,-,14,1,100.53 ~ 148.14,13,,,,,
강남구,삼성동,신동아듀크빌,-,17,1,264.44 ~ 300.64,16,,,,,
강남구,삼성동,심포니하우스,-,19,1,190.66 ~ 264.54,14,,,,,
강남구,삼성동,쌍용플래티넘(주상복합),-,88,2,147.32 ~ 188.65,6,,,,,
강남구,삼성동,씨티빌,-,38,2,181.63 ~ 305.35,12,,,,,
강남구,삼성동,아델하우스,70억,14,1,210.21 ~ 226.56,13,,,,,
강남구,삼성동,아르헤타워(도시형),6억,20,1,39.84 ~ 43.17,0,,,,,
강남구,삼성동,아셈(150-5),-,19,1,74.72 ~ 168.02,13,,,,,
강남구,삼성동,아이파크삼성,50억~162억,449,3,182.87 ~ 345.15,5,,,,,
강남구,삼성동,영무예다음,20억,45,2,105.72 ~ 135.18,8,,,,,
강남구,삼성동,우정에쉐르,21억 5000,40,1,109.43 ~ 151.46,5,,,,,
강남구,삼성동,월성빌라트,-,19,1,115.14 ~ 212.52,12,,,,,
강남구,삼성동,위레벤646(도시형),-,63,1,49.5 ~ 161.15,4,,,,,
강남구,삼성동,이안애2차,10억~16억 7000,19,1,72.06 ~ 133.37,13,,,,,
강남구,삼성동,진흥,27억~50억,255,3,110.92 ~ 221.01,13,,,,,
강남구,삼성동,채널리저브(주상복합),17억 5000,78,1,103.86 ~ 182.83,15,,,,,
강남구,삼성동,청구,24억~30억,167,3,104.76,3,,,,,
강남구,삼성동,푸른솔,-,61,1,82.24 ~ 198.11,4,,,,,
강남구,삼성동,풍림,-,36,1,58.04 ~ 76.32,13,,,,,
강남구,삼성동,풍림1차,17억 5000~30억,252,1,71.19 ~ 141.23,12,,,,,
강남구,삼성동,프레스티지(도시형),-,16,1,34.51 ~ 39.51,7,,,,,
강남구,삼성동,한솔,23억 5000~25억,263,2,55.98 ~ 147.81,3,,,,,
강남구,삼성동,한양립스(주상복합),7억 1700~9억,28,1,40.09,17,,,,,
강남구,삼성동,현대,17억~18억,198,1,45.92 ~ 144.33,6,,,,,
강남구,삼성동,현대빌라트,19억 8000,14,1,88.43 ~ 182.1,6,,,,,
강남구,삼성동,현대타워(주상복합),28억,30,1,187.05,17,,,,,
강남구,삼성동,형우,45억~48억,19,1,207.03 ~ 259.54,14,,,,,
강남구,삼성동,호산프라자(주상복합),-,41,1,27.83 ~ 50.49,6,,,,,
강남구,삼성동,홍실,29억~40억,384,6,101.02 ~ 175.92,1,,,,,
강남구,세곡동,강남LH1단지(e편한세상),15억 5000~18억 5000,809,12,81.83 ~ 115.97,16,,,,,
강남구,세곡동,강남데시앙파크,15억 3000~21억,546,15,108.54 ~ 145.53,11,,,,,
강남구,세곡동,강남신동아파밀리에1단지,14억~15억 5000,395,6,86.88 ~ 86.89,10,,,,,
강남구,세곡동,강남신동아파밀리에2단지,15억 5000,410,7,115.82 ~ 116.72,5,,,,,
강남구,세곡동,강남효성해링턴코트,27억~30억,199,11,114.4 ~ 158.52,4,,,,,
강남구,세곡동,세곡리엔파크3단지,18억,363,7,118.44,4,,,,,
강남구,세곡동,세곡푸르지오,15억 8000~20억,912,16,80.22 ~ 113.85,3,,,,,
강남구,우면동,LH서초5단지,11억 7000~16억,358,3,81.97 ~ 116.25,9,,,,,
강남구,우면동,금광아크존(주상복합),14억~14억 5000,39,1,67.68 ~ 124.52,17,,,,,
강남구,우면동,뉴현대,-,10,1,68.15 ~ 129.27,3,,,,,
강남구,우면동,닛시빌라트,-,19,1,88.33 ~ 195.48,18,,,,,
강남구,우면동,대성아트빌,-,19,1,58.71 ~ 100.6,5,,,,,
강남구,우면동,대원칸타빌,15억~18억,130,2,85.08 ~ 144.14,11,,,,,
강남구,우면동,래미안신사,22억~25억,63,1,113.06,8,,,,,
강남구,우면동,로데오현대,15억~23억,139,1,73.95 ~ 122.28,12,,,,,
강남구,우면동,루덴하우스,11억,19,1,88.73 ~ 102.99,6,,,,,
강남구,우면동,리갈팰리스,-,15,1,184.74 ~ 275.45,10,,,,,
강남구,우면동,신사빌라트1,-,9,1,26.77 ~ 163.98,4,,,,,
강남구,우면동,신사씨티빌,-,17,1,51.8 ~ 164.21,7,,,,,
강남구,우면동,신사아이빌,-,19,1,94.27 ~ 127.8,8,,,,,
강남구,우면동,신사아크존2,-,14,1,105.52 ~ 146.53,12,,,,,
강남구,우면동,신사파크빌,-,28,2,104.48 ~ 146.45,6,,,,,
강남구,우면동,신성,17억~17억 5000,55,1,72.11 ~ 98.32,11,,,,,
강남구,압구정동,대림빌라트,-,19,1,209.6 ~ 254.46,8,,,,,
강남구,압구정동,미성1차,38억~60억,322,3,111.97 ~ 193.09,8,,,,,
강남구,압구정동,미성2차,30억~55억,911,9,95.27 ~ 163.56,7,,,,,
강남구,압구정동,신현대(현대9/11/12차),40억~75억,1924,27,114.08 ~ 202.05,5,,,,,
강남구,압구정동,영동한양1차,30억~42억,936,10,63.14 ~ 168.79,9,,,,,
강남구,압구정동,한양2차,55억~63억,296,5,160.57 ~ 286.35,8,,,,,
강남구,압구정동,한양3차,39억~57억,312,5,127.07 ~ 176.43,9,,,,,
강남구,압구정동,한양4차,35억~73억,286,4,85.52 ~ 228.51,13,,,,,
강남구,압구정동,한양5차,56억,343,4,108.26 ~ 168.46,7,,,,,
강남구,압구정동,한양6차,37억,227,2,115.1 ~ 168.7,11,,,,,
강남구,압구정동,한양7차,38억~50억,239,2,114.55 ~ 151.04,4,,,,,
강남구,압구정동,한양8차,83억~84억 5000,90,1,208.37 ~ 224.21,6,,,,,
강남구,압구정동,현대1/2차,46억 5000~80억,960,13,141.74 ~ 213.46,3,,,,,
강남구,압구정동,현대10차,39억~42억,144,2,115.41 ~ 164.59,7,,,,,
강남구,압구정동,현대13차,-,234,4,116.03 ~ 119.5,10,,,,,
강남구,압구정동,현대14차,41억~42억,388,4,96.49 ~ 99.48,7,,,,,
강남구,압구정동,현대3차,36억~37억,432,4,108.88 ~ 108.94,3,,,,,
강남구,압구정동,현대4차,55억~60억,170,6,140.26,1,,,,,
강남구,압구정동,현대5차,39억~40억,224,2,113.96,2,,,,,
강남구,압구정동,현대6/7차,51억~80억,1288,15,156.13 ~ 264.87,1,,,,,
강남구,압구정동,현대65동(대림아크로빌),100억,56,1,269.57 ~ 282.65,2,,,,,
강남구,압구정동,현대8차,36억~58억,515,5,115.26 ~ 177.73,17,,,,,
강남구,압구정동,현대빌라트,58억~60억,19,1,203.03 ~ 242.42,8,,,,,
강남구,역삼동,CMD(르네상스프라자),-,7,1,40.95 ~ 95.64,16,,,,,
강남구,역삼동,D&S리치빌(도시형),-,49,1,23.86 ~ 33.54,19,,,,,
강남구,역삼동,K타워(도시형),-,33,1,25.98 ~ 26.34,16,,,,,
강남구,역삼동,SK허브젠(주상복합),18억 8000~21억 5000,56,1,87.97 ~ 108.4,4,,,,,
강남구,역삼동,강남IBC(민간임대/도시형),-,137,1,33.99 ~ 142.03,23,,,,,
강남구,역삼동,강남역우정에쉐르(주상복합),2억 2000~6억 5000,52,1,23.63 ~ 37.58,13,,,,,
강남구,역삼동,강남역이스턴(도시형),1억 9000~2억,98,1,23 ~ 23.77,14,,,,,
강남구,역삼동,강남웅진베어스빌(도시형),3억 8500~4억 3000,25,1,24.01 ~ 28.94,4,,,,,
강남구,역삼동,강남피엔폴루스크리아체(도시형),-,29,1,67.99 ~ 87.46,정보 없음,,,,,
강남구,역삼동,강남한솔,8억 9000,12,1,58.43 ~ 86.13,9,,,,,
강남구,역삼동,개나리SK뷰,31억~40억,240,3,112.96 ~ 160.22,1,,,,,
강남구,역삼동,개나리래미안,22억~38억,438,7,77.36 ~ 184.38,3,,,,,
강남구,역삼동,개나리푸르지오,24억~40억,332,5,79.81 ~ 184.22,1,,,,,
강남구,역삼동,갤러리빌,7억 2000,32,4,66.15 ~ 72.83,11,,,,,
강남구,역삼동,갤러리아트,-,15,1,38.37 ~ 146.93,20,,,,,
강남구,역삼동,갤러리하우스,-,17,1,64.54 ~ 93.86,20,,,,,
강남구,역삼동,거평,25억~26억,19,1,206.87 ~ 271.32,8,,,,,
강남구,역삼동,경남,16억~20억,164,1,110.85 ~ 117.5,11,,,,,
강남구,역삼동,경인리빙텔(주상복합),-,30,1,39.64 ~ 87.58,2,,,,,
강남구,역삼동,경일역삼,-,17,1,94.35 ~ 163.02,16,,,,,
강남구,역삼동,공간쉐르빌,8억 5000,17,1,48.85 ~ 93.3,20,,,,,
강남구,역삼동,광평하우스빌,-,16,1,30.48 ~ 57.42,6,,,,,
강남구,역삼동,금호어울림,21억~26억,183,3,103.7 ~ 156.18,3,,,,,
강남구,역삼동,꿈꾸지오(691-5),-,16,1,28.03 ~ 35.11,15,,,,,
강남구,역삼동,꿈꾸지오(697-23),-,16,1,25.97 ~ 32.34,14,,,,,
강남구,역삼동,꿈꾸지오(698-6/도시형),-,20,1,30.63 ~ 36.89,13,,,,,
강남구,역삼동,꿈꾸지오(751-4/도시형),-,20,1,27.13 ~ 32.36,7,,,,,
강남구,역삼동,꿈꾸지오(774-27/도시형),-,22,1,25.26 ~ 35.67,10,,,,,
강남구,역삼동,꿈꾸지오(794-21/도시형),-,24,1,20.71 ~ 31.84,9,,,,,
강남구,역삼동,네스빌,21억~24억 5000,9,1,245.45 ~ 259.51,7,,,,,
강남구,역삼동,노블스위트,-,19,1,78.96 ~ 101.95,12,,,,,
강남구,역삼동,뉴엠,28억~30억,8,1,161.97 ~ 251.31,18,,,,,
강남구,역삼동,다사랑빌(도시형),-,11,1,20.32 ~ 47.03,4,,,,,
강남구,역삼동,대림역삼,16억 5000~21억,129,1,78.01 ~ 111.09,12,,,,,
강남구,역삼동,대명벨리온(도시형),2억 500~2억 7000,71,1,21.12 ~ 46.69,18,,,,,
강남구,역삼동,대우디오빌플러스(주상복합),3억 2000~4억 5500,168,1,46.72 ~ 59.69,10,,,,,
강남구,역삼동,더블루(주상복합),10억 5000~19억,68,1,77.84 ~ 113.16,10,,,,,
강남구,역삼동,더클래스(도시형),-,14,1,35.21 ~ 69.74,정보 없음,,,,,
강남구,역삼동,동부센트레빌,18억 4000~18억 5000,206,1,77.83 ~ 110.66,5,,,,,
강남구,역삼동,동원스위트뷰역삼,13억 5000~16억 5000,28,1,84.46 ~ 119.93,13,,,,,
강남구,역삼동,뜨라네(828-21),-,15,1,68.99 ~ 106.58,11,,,,,
강남구,역삼동,뜨라네(828-76),-,18,1,36.66 ~ 127.3,11,,,,,
강남구,역삼동,래미안그레이튼2차,23억 5000~32억,464,5,86 ~ 154.96,12,,,,,
강남구,역삼동,래미안그레이튼3차,23억~27억,476,8,85.64 ~ 172.22,9,,,,,
강남구,역삼동,래미안펜타빌,35억 5000~40억,288,5,161.43 ~ 185.97,4,,,,,
강남구,역삼동,로얄빌리지,13억,19,2,61.04 ~ 151.85,21,,,,,
강남구,역삼동,로얄팰리스,20억,15,1,106.45 ~ 200.13,14,,,,,
강남구,역삼동,루미하우스(도시형),-,24,1,23.08 ~ 34.82,19,,,,,
강남구,역삼동,루트원레지던스(도시형),-,28,1,24.4 ~ 69.52,17,,,,,
강남구,역삼동,리치타워,-,19,1,97.23 ~ 153.88,10,,,,,
강남구,역삼동,명인갤러리1차,12억,14,1,76.86 ~ 95.31,10,,,,,
강남구,역삼동,명인갤러리2차,21억~23억,14,1,137.16 ~ 137.68,10,,,,,
강남구,역삼동,베르사이유,-,16,1,126.56 ~ 149.2,21,,,,,
강남구,역삼동,베스젠빌,-,19,1,112.19 ~ 181.73,13,,,,,
강남구,역삼동,불루밍코트,-,19,1,90.83 ~ 190.35,7,,,,,
강남구,역삼동,비에네스타,-,28,1,49.4 ~ 161.9,8,,,,,
강남구,역삼동,상지리츠빌,-,28,2,180.55,12,,,,,
강남구,역삼동,상지리츠빌역삼2차,-,19,1,142.02 ~ 188.07,11,,,,,
강남구,역삼동,선릉역우정에쉐르멤버스(주상복합),3억 2000~6억,34,1,28.83 ~ 47.43,9,,,,,
강남구,역삼동,성영포유,-,19,2,124.08 ~ 199.91,7,,,,,
강남구,역삼동,세방하이빌,-,67,2,66.29 ~ 120.67,10,,,,,
강남구,역삼동,세연예지향,-,19,1,110.61 ~ 124.98,20,,,,,
강남구,역삼동,세종빌라트,13억~20억,19,1,139.39 ~ 184.82,9,,,,,
강남구,역삼동,스타힐스(도시형),-,27,1,20.13 ~ 34.77,13,,,,,
강남구,역삼동,스톤엘리시온역삼,13억~13억 5000,19,1,26.14 ~ 69.99,12,,,,,
강남구,역삼동,시티프라디움더강남(101동/주상복합),20억~22억 2000,72,1,84.8 ~ 85.12,9,,,,,
강남구,역삼동,시티프라디움더강남(201동/주상복합),20억,34,1,97.04,9,,,,,
강남구,역삼동,시티프라디움더강남2차(도시형),-,48,1,50.65 ~ 72.01,10,,,,,
강남구,역삼동,쌍용플래티넘밸류(주상복합),17억~27억,166,3,106.36 ~ 146.15,6,,,,,
강남구,역삼동,쎄비앙,-,29,2,90.44 ~ 158.89,16,,,,,
강남구,역삼동,아미헌(도시형),-,21,1,27.67 ~ 33.86,10,,,,,
강남구,역삼동,아이힐2(도시형),-,16,1,35.89 ~ 36.59,13,,,,,
강남구,역삼동,에레프(도시형),-,63,1,19.84 ~ 22.77,5,,,,,
강남구,역삼동,에벤에셀빌라트,-,19,1,40.05 ~ 164.39,10,,,,,
강남구,역삼동,역삼(리츠빌),13억 5000,15,1,61.97 ~ 107.62,18,,,,,
강남구,역삼동,역삼2차아이파크,18억~33억,150,3,74.98 ~ 149.58,6,,,,,
강남구,역삼동,역삼EG소울리더(도시형),1억 8000~4억 8000,99,1,19.9 ~ 42.95,11,,,,,
강남구,역삼동,역삼IPARK,8억 4000~37억,541,7,36.27 ~ 181.03,3,,,,,
강남구,역삼동,역삼e-편한세상,21억 9000~30억,840,12,79.52 ~ 108.2,7,,,,,
강남구,역삼동,역삼골든베리힐,-,14,1,68.29 ~ 140.46,16,,,,,
강남구,역삼동,역삼그린비,-,12,1,97.5 ~ 121.6,11,,,,,
강남구,역삼동,역삼노블카운티,-,16,1,90.66 ~ 123.95,9,,,,,
강남구,역삼동,역삼더하이브(도시형),-,14,1,27.33 ~ 69.5,15,,,,,
강남구,역삼동,역삼디오빌(주상복합),3억 2000~9억 5000,457,1,39.58 ~ 112.01,13,,,,,
강남구,역삼동,역삼디오슈페리움(주상복합),16억 5000~22억,60,1,65.78 ~ 119.11,3,,,,,
강남구,역삼동,역삼래미안,19억 5000~28억,1050,12,80.66 ~ 109.4,5,,,,,
강남구,역삼동,역삼롯데캐슬노블,29억~31억,117,2,183.02 ~ 283.08,5,,,,,
강남구,역삼동,역삼르비앙,15억,12,1,109.11 ~ 167.34,6,,,,,
강남구,역삼동,역삼미까사(도시형),-,29,1,30.32 ~ 61.46,11,,,,,
강남구,역삼동,역삼브라운스톤,11억,48,1,76.67,12,,,,,
강남구,역삼동,역삼센트럴2차아이파크(도시형),-,67,1,29.77 ~ 46.15,4,,,,,
강남구,역삼동,역삼센트럴아이파크,29억~50억,499,5,79.27 ~ 218.91,4,,,,,
강남구,역삼동,역삼엔스위트,13억 5000~15억,24,2,94.32 ~ 120.31,11,,,,,
강남구,역삼동,역삼예명,9억 5000~10억,15,1,67.91 ~ 82.96,15,,,,,
강남구,역삼동,역삼우성,18억~21억,12,1,123.63,16,,,,,
강남구,역삼동,역삼우성빌라트,18억~20억,19,1,143.29 ~ 173.9,10,,,,,
강남구,역삼동,역삼우정에쉐르1(주상복합),14억 5000,69,1,55.3 ~ 99.49,8,,,,,
강남구,역삼동,역삼우정에쉐르2(주상복합),8억 4000~12억 5000,70,1,51.08 ~ 61.1,14,,,,,
강남구,역삼동,역삼우정에쉐르3(주상복합),6억 7000~7억 3000,45,1,47.18 ~ 78.43,14,,,,,
강남구,역삼동,역삼월드메르디앙,20억~22억,93,1,102.65 ~ 129.5,10,,,,,
강남구,역삼동,역삼이안애,12억~14억 5000,30,2,97.8 ~ 125.67,14,,,,,
강남구,역삼동,역삼자이,28억 5000~36억 5000,408,3,88.11 ~ 151.98,8,,,,,
강남구,역삼동,역삼카이스,13억 9000~18억,19,1,131.51,3,,,,,
강남구,역삼동,역삼칼라,-,19,1,68.73 ~ 141.83,17,,,,,
강남구,역삼동,역삼트레벨,5억 6000~5억 9000,45,1,33.48 ~ 36.74,9,,,,,
강남구,역삼동,역삼파크빌(도시형),-,19,1,18.82 ~ 42.7,정보 없음,,,,,
강남구,역삼동,역삼푸르지오,21억 5000~30억,738,11,79.41 ~ 104.4,5,,,,,
강남구,역삼동,역삼프라임,-,19,2,137.4 ~ 209.71,13,,,,,
강남구,역삼동,역삼프리마빌,14억 5000~15억 5000,19,1,91.9 ~ 211.72,17,,,,,
강남구,역삼동,역삼프리우스,15억,27,2,88.16 ~ 104.21,17,,,,,
강남구,역삼동,역삼하나빌(주상복합),9억~9억 7000,77,1,38.21 ~ 113.88,7,,,,,
강남구,역삼동,역삼한스빌,4억 7000~5억,216,1,45.98 ~ 86,1,,,,,
강남구,역삼동,예지인,-,14,1,52.43 ~ 121.45,9,,,,,
강남구,역삼동,요진와이시티미니(도시형),1억 9000,91,1,23.1 ~ 33.05,17,,,,,
강남구,역삼동,우리집(도시형),-,16,1,19.39 ~ 42.12,8,,,,,
강남구,역삼동,우림루미아트(주상복합),2억 2700,84,2,30.29 ~ 30.73,13,,,,,
강남구,역삼동,원에디션강남(도시형),-,234,2,41.95 ~ 77.64,8,,,,,
강남구,역삼동,은하수,-,63,1,66.24 ~ 69.99,9,,,,,
강남구,역삼동,이지마루역삼(주상복합),4억 9000~5억 2000,28,1,31.96 ~ 34.71,23,,,,,
강남구,역삼동,일성(도시형),-,13,1,15.53 ~ 75.57,7,,,,,
강남구,역삼동,정원,15억~16억,19,1,108.17 ~ 202.12,10,,,,,
강남구,역삼동,조이너스,-,28,1,64.94 ~ 106.51,11,,,,,
강남구,역삼동,좋은사람좋은집(도시형),-,26,1,21.75 ~ 134.72,13,,,,,
강남구,역삼동,지석천평대,11억~12억,14,1,69.43 ~ 100.59,7,,,,,
강남구,역삼동,진넥스빌2(주상복합),2억 2500,56,1,33.29 ~ 42.62,12,,,,,
강남구,역삼동,코너스톤(도시형),-,28,1,31.55 ~ 39.82,18,,,,,
강남구,역삼동,탑팰리스,-,19,1,59.32 ~ 93.62,13,,,,,
강남구,역삼동,테라힐스,-,19,1,71.9 ~ 190.33,5,,,,,
강남구,역삼동,테헤란아이파크,25억~30억,411,6,82.91 ~ 147.12,8,,,,,
강남구,역삼동,파크앤스위트,-,19,1,88.11 ~ 97.4,6,,,,,
강남구,역삼동,포스틸빌라트,9억,12,1,65.6 ~ 81.04,12,,,,,
강남구,역삼동,풍림지오빌,-,17,1,56.51 ~ 256.34,17,,,,,
강남구,역삼동,풍성애뜨란(도시형),5억 8000,20,1,31.64 ~ 34.81,8,,,,,
강남구,역삼동,프리빌리지(도시형),3억 9000~8억 2550,27,1,26.64 ~ 66.44,13,,,,,
강남구,역삼동,플래티늄,-,19,1,49.86 ~ 121.79,10,,,,,
강남구,역삼동,하우스템(도시형),-,23,1,19.99 ~ 31.77,11,,,,,
강남구,역삼동,한양럭스,-,18,1,54.38 ~ 157.28,16,,,,,
강남구,역삼동,한화진넥스빌(주상복합),3억 2000~6억 5000,294,1,46.78 ~ 68.62,12,,,,,
강남구,역삼동,현대까르띠에710,35억~47억,137,3,199.67 ~ 295.17,12,,,,,
강남구,역삼동,현대이스트빌,-,12,1,275.49 ~ 275.84,19,,,,,
강남구,역삼동,현대트라움,-,14,1,201 ~ 203.69,11,,,,,
강남구,역삼동,현대하이츠,14억 5000,12,1,70.66 ~ 124.74,16,,,,,
강남구,역삼동,휴먼스빌(도시형),-,14,1,37.59 ~ 47.5,9,,,,,
강남구,역삼동,휴먼터치빌(주상복합),2억 8000~5억 2500,160,1,37.85 ~ 52.4,12,,,,,
강남구,역삼동,휴먼터치빌(주상복합),-,160,1,0,정보 없음,,,,,
강남구,율현동,강남한신휴플러스6단지,15억~18억 3000,378,12,85.94 ~ 120.72,14,,,,,
강남구,율현동,강남한신휴플러스8단지,20억,169,11,141.18 ~ 157.83,8,,,,,
강남구,일원동,가람,22억 7000~25억,496,13,90.35 ~ 100.94,1,,,,,
강남구,일원동,개포한신,22억~25억,364,4,87.45 ~ 114.51,5,,,,,
강남구,일원동,개포현대4차,20억 5000~22억,142,1,91.6 ~ 106.65,3,,,,,
강남구,일원동,골든빌(도시형),-,10,1,35.89 ~ 40.61,정보 없음,,,,,
강남구,일원동,꿈지을(도시형),-,10,1,16.45 ~ 35.11,7,,,,,
강남구,일원동,꿈피엠(도시형),-,10,1,16.1 ~ 34.69,7,,,,,
강남구,일원동,디에이치자이개포,32억~45억,1996,15,81.76 ~ 226.11,1,,,,,
강남구,일원동,디에이치포레센트,23억 5000~35억,184,4,80.62 ~ 149.89,2,,,,,
강남구,일원동,래미안개포루체하임,23억~43억,850,12,86.17 ~ 215.53,3,,,,,
강남구,일원동,목련타운,23억 8000~28억,650,8,121.11 ~ 158.71,2,,,,,
강남구,일원동,삼성사원,21억 8000~22억,80,4,77.27 ~ 103.57,3,,,,,
강남구,일원동,상록수,23억 5000~28억,740,22,90.12 ~ 101.4,3,,,,,
강남구,일원동,샘터마을,26억~38억,628,9,119.77 ~ 179.36,6,,,,,
강남구,일원동,수서1-2단지,10억 7000~16억 5000,720,7,58.75 ~ 88.11,3,,,,,
강남구,일원동,우성7차,22억~25억,802,15,76.5 ~ 105.58,5,,,,,
강남구,일원동,청솔빌리지,19억~22억,291,13,79.81,3,,,,,
강남구,일원동,푸른마을,16억 5000~22억,930,11,82.14 ~ 103.49,8,,,,,
강남구,일원동,한솔마을,23억~27억,570,19,84.72 ~ 110.26,9,,,,,
강남구,일원동,호정빌라트,-,19,1,150.39 ~ 166.86,3,,,,,
강남구,자곡동,LH강남8단지(도시형),13억~14억,96,12,81.41 ~ 81.62,1,,,,,
강남구,자곡동,LH강남브리즈힐,12억 5000~15억,402,13,102.4 ~ 117.53,14,,,,,
강남구,자곡동,LH강남아이파크,15억 5000~16억,716,10,81.53 ~ 115.52,2,,,,,
강남구,자곡동,LH강남힐스테이트,11억~18억,1339,5,73.91 ~ 120.05,4,,,,,
강남구,자곡동,강남한양수자인,16억 5000~23억 5000,1304,26,81.64 ~ 154.34,4,,,,,
강남구,자곡동,래미안강남힐즈,21억~30억,1020,20,118.8 ~ 132.06,6,,,,,
강남구,자곡동,래미안포레,18억~19억 5000,1070,15,85.07 ~ 141.4,1,,,,,
강남구,자곡동,수서역세권A3블록신혼희망타운,-,597,8,72.78 ~ 86.77,정보 없음,,,,,
강남구,청담동,LG,-,11,1,263.42,5,,,,,
강남구,청담동,PH129,90억~150억,29,1,332.88 ~ 495.42,15,,,,,
강남구,청담동,T.S.,-,8,1,176.7 ~ 222.06,5,,,,,
강남구,청담동,강변상지리츠빌,-,12,1,166.36 ~ 196.23,9,,,,,
강남구,청담동,건영,30억~40억,240,2,104.51 ~ 105.06,13,,,,,
강남구,청담동,골든아트빌(주상복합),-,19,1,173.52 ~ 201.9,2,,,,,
강남구,청담동,구산,17억~23억 5000,37,1,75.06 ~ 144.54,15,,,,,
강남구,청담동,뉴현대리버빌,35억,15,1,144.04 ~ 201.03,11,,,,,
강남구,청담동,대우로얄카운티II,50억,13,1,235.03 ~ 263.21,3,,,,,
강남구,청담동,대우로얄카운티III,50억~52억,19,1,261.83 ~ 300.19,4,,,,,
강남구,청담동,대우로얄카운티V,50억,12,1,244.85 ~ 276.67,15,,,,,
강남구,청담동,대우리츠카운티,39억~40억,19,1,179.45 ~ 280.25,6,,,,,
강남구,청담동,대우멤버스카운티Ⅱ,23억~25억,17,1,152.57 ~ 173.95,14,,,,,
강남구,청담동,더리버스청담(주상복합),-,12,1,49.5,11,,,,,
강남구,청담동,더헤리움(A동/도시형),-,10,1,48.68 ~ 68.97,14,,,,,
강남구,청담동,더헤리움(B동),10억 9900~11억,8,1,40.64 ~ 57.87,16,,,,,
강남구,청담동,동궁빌리지,-,16,1,139.29 ~ 147.77,7,,,,,
강남구,청담동,두산,58억~65억,12,1,235.35 ~ 245.52,3,,,,,
강남구,청담동,디아트(주상복합),-,16,1,150.68,8,,,,,
강남구,청담동,라테라스청담(도시형),3억 4000~8억,88,1,26.86 ~ 60.22,9,,,,,
강남구,청담동,마크힐스1/2단지,63억~125억,38,2,260.18 ~ 388.14,11,,,,,
강남구,청담동,목화,30억~35억,19,1,149.56 ~ 260.04,8,,,,,
강남구,청담동,빌폴라리스,55억,19,1,203.81,13,,,,,
강남구,청담동,삼성청담공원,17억 8000~27억,391,8,81.95 ~ 132.18,13,,,,,
강남구,청담동,삼익,33억~41억,888,12,113.17 ~ 174.35,1,,,,,
강남구,청담동,삼호,39억,45,3,192.43 ~ 256.11,6,,,,,
강남구,청담동,삼환,14억~19억,184,1,40.47 ~ 148.99,4,,,,,
강남구,청담동,상지리츠빌10차,38억,17,1,174.04 ~ 203.87,5,,,,,
강남구,청담동,상지리츠빌4차,40억,38,2,196.18 ~ 281.45,5,,,,,
강남구,청담동,상지리츠빌5차,30억~40억,52,3,150 ~ 263.51,10,,,,,
강남구,청담동,상지리츠빌6차,-,19,1,168.21 ~ 256.07,7,,,,,
강남구,청담동,상지리츠빌9차,40억,12,1,196.02 ~ 219.25,5,,,,,
강남구,청담동,상지리츠빌카일룸2차,85억~90억,15,1,281.6,14,,,,,
강남구,청담동,상지리츠빌카일룸3차,-,19,1,248 ~ 345.79,14,,,,,
강남구,청담동,상지카일룸,-,17,1,272.71 ~ 305.46,14,,,,,
강남구,청담동,신동아,25억~27억,106,1,103.81,5,,,,,
강남구,청담동,씨티2차,-,37,2,97.87 ~ 242.41,6,,,,,
강남구,청담동,씨티3차,35억,19,1,166.54 ~ 263.9,7,,,,,
강남구,청담동,아노스카운티빌라트,-,5,1,183.2 ~ 252.08,7,,,,,
강남구,청담동,에비뉴나인티(도시형),15억 3800~16억 8000,28,1,65.85 ~ 68.31,7,,,,,
강남구,청담동,에테르노청담,-,29,1,344.54 ~ 1168.21,9,,,,,
강남구,청담동,연세2차,30억,13,1,147.69,5,,,,,
강남구,청담동,연세리버빌,-,19,1,266.58 ~ 275.19,5,,,,,
강남구,청담동,연세리버빌3차,55억,19,1,226.86 ~ 263.82,5,,,,,
강남구,청담동,연세리버테라스,-,19,1,269.49 ~ 271.12,3,,,,,
강남구,청담동,연세힐하우스I,32억~35억,18,1,120.7 ~ 211.2,4,,,,,
강남구,청담동,연세힐하우스II,-,6,1,186.79 ~ 268.47,5,,,,,
강남구,청담동,우성,-,25,1,74.11 ~ 131.09,4,,,,,
강남구,청담동,이니그마빌II,-,16,1,278.58 ~ 330.8,5,,,,,
강남구,청담동,이니그마빌Ⅰ,50억,14,1,271.08 ~ 271.22,5,,,,,
강남구,청담동,진흥,27억~40억,375,4,107.19 ~ 180.67,9,,,,,
강남구,청담동,청담CJ빌리지,26억~27억,11,1,171.37 ~ 172.62,7,,,,,
강남구,청담동,청담e-편한세상1차,21억~30억,271,4,87.2 ~ 165.32,4,,,,,
강남구,청담동,청담e-편한세상2차,23억~24억,142,3,103.39 ~ 193.59,1,,,,,
강남구,청담동,청담e-편한세상2차(204동),-,41,1,96.9 ~ 174.43,1,,,,,
강남구,청담동,청담e-편한세상2차(205동),-,41,1,96.52 ~ 144.98,2,,,,,
강남구,청담동,청담e-편한세상3차,21억 3000~22억,49,1,89.48 ~ 180.14,2,,,,,
강남구,청담동,청담e-편한세상4차,22억 8000~35억,94,2,106.23 ~ 160.85,3,,,,,
강남구,청담동,청담갤러리파크,-,6,1,197.44 ~ 266.27,13,,,,,
강남구,청담동,청담그랑빌(주상복합),-,19,1,87.18 ~ 125.21,9,,,,,
강남구,청담동,청담대우로얄카운티6차,34억,12,1,179.25 ~ 206.49,1,,,,,
강남구,청담동,청담대우로얄카운티Ⅰ,47억,17,1,236.98 ~ 265.13,5,,,,,
강남구,청담동,청담대우멤버스카운티10차,-,15,1,151.64 ~ 185.42,9,,,,,
강남구,청담동,청담대우멤버스카운티11차,29억~32억,18,1,156.01 ~ 183.28,10,,,,,
강남구,청담동,청담대우멤버스카운티8차,-,10,1,124.81 ~ 153.3,9,,,,,
강남구,청담동,청담대우멤버스카운티9차,-,10,1,97.09 ~ 136.45,9,,,,,
강남구,청담동,청담대우멤버스카운티V,-,19,1,170.31 ~ 185.53,8,,,,,
강남구,청담동,청담대우멤버스카운티VI,-,19,2,162.15 ~ 213.86,9,,,,,
강남구,청담동,청담대우멤버스카운티Vll,-,19,2,158.89 ~ 187.69,9,,,,,
강남구,청담동,청담대우멤버스카운티XII,-,16,1,148.44 ~ 213.71,9,,,,,
강남구,청담동,청담대우멤버스카운티Ⅲ,30억,19,1,165.88 ~ 181.8,8,,,,,
강남구,청담동,청담대우유로카운티,23억 5000~35억,196,4,99.92 ~ 213.46,11,,,,,
강남구,청담동,청담동양파라곤,53억~70억,92,2,204.84 ~ 290.11,10,,,,,
강남구,청담동,청담디에브스,17억,18,1,60.24 ~ 152.35,11,,,,,
강남구,청담동,청담래미안로이뷰,27억~40억,177,1,136.11,10,,,,,
강남구,청담동,청담린든그로브,37억~38억,114,5,114.36 ~ 277.45,12,,,,,
강남구,청담동,청담마크노빌,-,12,1,292.02 ~ 357.49,6,,,,,
강남구,청담동,청담범신칼릭스빌,25억,18,1,104.55,10,,,,,
강남구,청담동,청담범신칼릭스빌2차,30억~33억,18,1,121.47,11,,,,,
강남구,청담동,청담범신칼릭스빌3차,-,12,1,55.78 ~ 55.82,9,,,,,
강남구,청담동,청담브르넨,70억~130억,8,1,204.36 ~ 257.62,5,,,,,
강남구,청담동,청담삼성,23억,16,2,145.21 ~ 197.39,13,,,,,
강남구,청담동,청담삼성1차,16억 5000~20억,158,1,79.1 ~ 112.37,3,,,,,
강남구,청담동,청담삼성3차,-,217,2,86.34 ~ 163.55,4,,,,,
강남구,청담동,청담상지리츠빌3차,35억,24,3,202.62 ~ 278.52,7,,,,,
강남구,청담동,청담상지리츠빌7차,-,10,1,215.78,3,,,,,
강남구,청담동,청담상지리츠빌8차,-,18,2,207.8 ~ 294.23,7,,,,,
강남구,청담동,청담스위트(도시형),2억 2500~2억 6000,124,1,19.28 ~ 22.62,4,,,,,
강남구,청담동,청담스테이,6억 3500~9억 2000,16,1,30.26 ~ 33.83,4,,,,,
강남구,청담동,청담신동아빌라트,-,18,1,183.75 ~ 239.63,1,,,,,
강남구,청담동,청담신원아침도시마인(도시형),3억 3000~8억 5000,89,1,34.92 ~ 71.31,7,,,,,
강남구,청담동,청담아르지움(도시형),4억 7000~13억 8000,29,1,24.74 ~ 67.93,4,,,,,
강남구,청담동,청담아이파크,31억~45억,108,1,137.01 ~ 137.11,12,,,,,
강남구,청담동,청담어퍼하우스,66억~68억,18,1,225.49 ~ 313.26,10,,,,,
강남구,청담동,청담연세파크빌,-,18,1,264.25 ~ 266.66,15,,,,,
강남구,청담동,청담영풍마드레빌,21억,49,1,103.39 ~ 147.24,1,,,,,
강남구,청담동,청담우방,17억~21억,100,1,83.51 ~ 149.27,2,,,,,
강남구,청담동,청담자이,22억~40억,708,5,70.8 ~ 120.58,8,,,,,
강남구,청담동,청담파라곤Ⅱ 1단지,40억~45억,18,1,174.06 ~ 291.05,2,,,,,
강남구,청담동,청담파라곤Ⅱ 2단지,-,17,2,164.82 ~ 254.27,3,,,,,
강남구,청담동,청담파크빌,-,10,1,71.28 ~ 93.49,7,,,,,
강남구,청담동,청담포레,-,11,1,185.55 ~ 267.54,15,,,,,
강남구,청담동,청담현대3차,22억~37억,317,4,91.43 ~ 142.19,11,,,,,
강남구,청담동,청담현대빌라트,-,16,1,179.8 ~ 196.53,6,,,,,
강남구,청담동,청담휴먼스타빌,8억 4000~10억 5000,191,1,48.42 ~ 258.36,7,,,,,
강남구,청담동,청담힐,-,30,2,171.61 ~ 227.31,6,,,,,
강남구,청담동,퍼즐하우스,-,15,1,70.35 ~ 343.66,6,,,,,
강남구,청담동,하우스에딘브로우,30억,16,2,183.11,1,,,,,
강남구,청담동,한신오페라하우스,21억 5000~30억,63,2,101.53 ~ 160.24,1,,,,,
강남구,청담동,한신오페라하우스2차,-,42,1,108.53 ~ 177.62,1,,,,,
강남구,청담동,헤스티아,-,4,1,135.91 ~ 184.03,14,,,,,
강남구,청담동,현대(43-1),-,19,1,166.51 ~ 174.24,2,,,,,
강남구,청담동,현대1차,26억,96,2,103.32 ~ 172.47,12,,,,,
강남구,청담동,현대2차,20억 5000~21억,214,2,97.75 ~ 97.9,7,,,,,
강남구,청담동,현대한강,-,18,1,156.58 ~ 204.25,8,,,,,
강남구,청담동,호원,50억,12,1,276.4 ~ 276.66,3,,,,,
강남구,청담동,효성청담101,-,35,2,256.96 ~ 315.31,3,,,,,
강남구,청담동,효성청담101 2차,79억~82억,28,1,226.93 ~ 289.61,2,,,,,
강남구,청담동,흥화(청담매스터빌),-,19,1,204.09 ~ 274.11,2,,,,,
